Ravelry.com/people/Krejdar;118
The Netherlands;81
Brazil;77
Santiago de chile;72
Venezuela;63
Earth;60
Portugal;58
Brasil;56
New Zealand;55
Los Angeles;54
Belgium;52
Ireland;51
Last Place You Look;51
Art by: @Tsepish & @Egg_Dishes;49
behind you Creepin';49
Somewhere;47
Netherlands;47
ЧШ (Орда);46
México;45
Sverige;40
Arathor, Drenden;39
Moon;37
http://www.twitch.tv/lulu_via;37
Chicago;36
En algún lugar de azeroth;36
R7;36
missouri;34
toscana;33
Internets;33
Retweet Account;32
Hogwarts;32
Безграничная Вселенная;32
C'thun - Greenwick#2954;31
US;31
Österreich;30
South Africa;29
Silvermoon;29
Spain;28
Brisbane, Queensland;28
Argent Dawn - EU;28
finding somewhere i belong;27
Horde- Hyjal (Feral main);27
Algérie;27
↓ Abonne toi  | LiveStream FR;26
Alcorcón;26
Belgique;26
Thunder Bluff;26
saudi arabia;25
Anderlues;25
Ecuador;25
Санкт-Петербург, Россия;25
Poland;25
Just look up, can't miss him;25
Brisbane;25
Flagstaff;24
Norrköping;24
Winterpeg, MB;24
Colombia;23
Nagrand;23
Czech Republic;23
Russia;23
Silvermoon City;23
Living in a hologram with you.;22
Uberlandia-MG;22
Mexico, Puebla;22
Video Game World;22
Cape Town;22
Philippines;21
Worldwide;21
Rio de Janeiro, Brasil;21
Staying Trill and Chill;21
He/Him;21
Shadowmoon Valley;21
Danmark;20
Nederland;20
Montréal, Québec;20
Neverland;20
Melbn;20
Kitchen;20
Planet Skydolf;20
Torre del dragon;20
Caracas, Venezuela;20
Gothenburg;19
Bloodmaul Slag Mines, Gilneas ;19
Internet;19
Hearthglen, Eastern Kingdoms.;19
ÜT: 9.754764,-63.176645;19
Macaé ;19
Singapore;18
a pink place, Brazil;18
China;18
PNW;18
Schweiz;18
Huntington Wv;18
この美しく青い星;18
10452;18
Warszawa;17
Moon Guard;17
*poof!*;17
Rafa#1544;17
Bogotá, D.C., Colombia;17
Cork, Ireland;17
Gallifrey;17
Tip me 999 $BTC;17
Europe;16
echo isles / durotar ;16
Bosnia and Herzegovina;16
Moonglade;16
eNeRWe;16
arkansas;16
Switzerland;16
Bulgaria;16
Seattle;16
Torreon Coahuila, Mexico;16
Twisting Nether;16
38° 37' 38 N / 90° 11' 52 W;16
Drenden;16
Bastión Nocturno;15
Virtuelle Welt;15
Nexus;15
Mexico;15
Pozzonovo, Veneto;15
Panama;15
rwx------;15
frankfurt;15
Украина;15
Everywhere;15
Peru;15
Dreanor;15
Dentro de una carcasa humana;15
Ukraine;14
Budapest, Magyarország;14
Location, Location, Location. ;14
Suomi;14
Ysondre-EU Horde.;14
Tepic, Nayarit;14
Earthen Ring;14
Kuwait;14
UAE;14
Usually at my computer.;14
The Internet;14
US-Terokkar;14
Maelstrom/ED/Dentarg;13
Гордунни;13
Auckland, New Zealand;13
Almeria;13
Chile;13
Ansi#2219;13
Northern Ireland;13
NRW;13
Frostmane EU;13
Seoul, Republic of Korea;13
DFW area;13
Санкт-Петербург(St-Petersburg);13
Lima, Peru;13
Twitch;13
Ks transplanted from Mn;13
Suisse;13
twitch.tv/leilaz0rs;13
miami;13
Pandaria;13
In my chair;13
Fortaleza,CE;13
Nordrhein-Westfalen;13
Fellsdeath Turalyon-US Server;13
Arathor;13
Uk;13
Living with @kyroskoh (Singapore);13
Aargau, Schweiz;12
Global;12
Axminster;12
Lothric;12
Roma Norte, Cuauhtémoc;12
munich, germany;12
Stormrage;12
Rocky Mountains;12
Dun Morogh;12
Rio de Janeiro;12
Pixel lands;12
Watchpoint: Gibraltar;12
Страж Смерти;12
Planète Nexus;12
Liège, Belgique;12
Кроватка;12
Ventormenta;12
Puerto Rico;12
Perú - Lima - Miraflores;12
http://www.tempest-eu.com/;12
Former Yugoslav Republic of Ma;12
Gnomeregan;12
Elune-US;12
Italia;11
Santiago, Chile;11
Азерот;11
Detroit;11
East Coast;11
Illidan-US;11
Guatemala;11
Broken isles;11
Philly;11
YUniverse;11
Mallorca;11
wyrmrest accord;11
twitch.tv/driapala;11
Tyria;11
On Her Perch;11
Brasilia;11
Ciudad de Ventormenta;11
Windrunner-US;11
Durotar,Ogrimmar;11
Ceuta;11
Ny;11
oldham, UK;11
Ciudad Autónoma de Buenos Aire;11
Reciprocity.Guild.Ninja;11
Shadows of the Bog;11
Thunder Bluff, Mulgore;11
Magerit;11
Mudflap#21299;10
Greatness that is Legend Alive;10
Kirin Tor;10
Pittsburgh;10
Hell;10
Polska;10
Mal'Ganis (Horde);10
Omicron Persei VIII;10
Tranquillien;10
Yaroslavl, Russia;10
allison 2;10
Zul'jin - Horde - US;10
World Wide;10
uk;10
✔ Verified {Or am I?};10
Lisbon;10
Thedas;10
straya;10
Cyprus;10
Sargeras-US | Area52-US;10
Spreading ♡〜٩(^▿^)۶〜♡ Love;10
Штормград;10
Беларусь;10
En una montaña por Aeñfkspene.;10
(Roma);10
Manila;10
france;10
Dath'Remar Oceanic Server;10
Kargath;10
Holanda (Países Baixos);10
Suisse / VS;10
Amsterdam;10
Asturias;10
Unknown;10
Bucharest;10
Narnia;10
The Moon;10
Las Vegas;10
Indaiatuba;10
Ryshu#2992;10
Concrete Wasteland.;10
Дренор;9
down the rabbit hole;9
Natal/RN;9
EU - UK timezone ^^;9
Antwerpen, België;9
El cruce;9
Nordrhein-Westfalen, Deutschla;9
Brill, Tirisfal Glades via Oz;9
Guayaquil, Ecuador;9
India;9
Southern Cali;9
england;9
Gilneas, Elune;9
Санкт-Петербург;9
Nearest woods.;9
The Maelstrom;9
Mi Ciudadela;9
Camp Hill;9
Sachsen-Anhalt;9
Italy;9
Mexico City;9
#Ashenvale | #ЯсеневыйЛес;9
MadriZ;9
Lisbon, Portugal;9
Siren, Ship 2;9
Silicon Valley;9
En algún lugar.;9
Nenagh native in Thurles.;9
Planet Earth;9
Perú;9
Garrison;9
Tichondrius;9
Realm: Cenarius ;9
Questembert (56);9
Quel'dorei in Quel'thalas;9
Gorgrond;9
Northern Ireland, United Kingdom;9
Três Pontas, Brasil;9
Bruxelles, Belgique;9
YouTube;9
newcastle/colchester ;9
Filey;9
Bogotá, Colombia;9
Wolkenhort im Himmelsreich;9
Hungary;8
Darkmoon Isle;8
Central Queensland;8
Juego wow y que??;8
Abertridwr, Caerphilly;8
Cali;8
Россия, Санкт-Петербург;8
Romania;8
Ontario;8
The eye of the storm;8
Wherever the Haters Aren't;8
socal ;8
Curitiba, Brasil;8
the internet;8
The Void;8
The Shire;8
Ormond Beach, Fl;8
Praha, Česká republika;8
Ravenholdt;8
I'm right behind you...;8
Mossoró, Rio Grande do Norte;8
Silent Hill;8
US Dark Iron;8
Austria;8
Auckland City, New Zealand;8
Valhalla;8
Lima - Perú;8
San Juan, Puerto Rico;8
San Carlos de Bariloche;8
Twitch.tv/hollowedknight;8
Sarov ;8
Santa Pola;8
Nemesis-Us;8
Kilkenny, Ireland;8
Mulgore;8
Otherwhere;8
La Coruña, Galicia;8
N.ireland;8
San Antonio;8
Al filo de lo posible;8
Галакронд (А), Дракономор (О);8
Seattle (-ish);8
Norge;8
My mums basement;8
Wyrmrest Accord;8
En el bar de Forjaz;7
right behind you with a dildo;7
Dxun, Japrael System;7
PHX;7
they/them she/her;7
Halathirien#2809;7
Baia Mare, România;7
Macaé-RJ Brasil;7
C'Thun - Los Errantes;7
København, Danmark;7
Cumbria, UK;7
Campo Grande, Brasil;7
Republic of Serbia;7
Blackscar-EU;7
Olbia, Sardegna;7
In a galaxy far far away;7
Scheeßel, Niedersachsen;7
Porto Alegre, RS;7
US - Zul'Jin;7
Org;7
Home;7
champagne au mont d'or;7
İzmir;7
Долина Аммен;7
Montréal;7
Unterwegs im Wald;7
Mordor;7
Europa ;7
Королев, Россия;7
Antonidas;7
Linköping, Sverige;7
Aerie Peak;7
Idgaf town;7
Maracaibo-Zulia;7
Everywhere | Nowhere ;7
Next to a guilty client;7
Lurking in Sunny SoCal;7
Northants, UK;7
☆In the middle of the US of A⭐;7
Dune#2533;7
Parts Unknown;7
Ironforge ;7
O_O;7
Watertown Ny;7
Fizz/Agg, LoneStar State Proud;7
Rio das Ostras, Rio de Janeiro;7
Cape Town, South Africa;7
Luxemburg;7
Porto Alegre, Brasil;7
Serra do Mago, Brasil;7
Nicaragua;7
Video games;7
Gurubashi BTag: Alexxia#1395;7
Cologne;7
dans mon monde ;7
Uruguay;7
Maceió, Brasil;7
SoCal;7
the secret world ;7
Kirovohrad, Ukraine;7
Thrall/EmeraldDream;7
Gravity Falls;7
The sky above Karazhan;7
Turkey;7
Kirkby in Ashfield, Notts, ENG;7
Rio Grande do Sul, Brasil;7
Serbia;6
Playstation / PC;6
Ruhrpott;6
Reggio Emilia, Italy;6
Pismo Beach, Ca;6
Česká republika;6
Santiago - Chile;6
Trinidad & Tobago;6
kingsport tn;6
Harapeko Soul所属;6
Moon Guard-US;6
Eldre Thalas;6
sukoharjo,jawatengah;6
Bern, Schweiz;6
İstanbul, Türkiye;6
lost in space;6
Utopía;6
Glen burnie,md;6
Sargeras / Moon Guard;6
Cluj-Napoca, România;6
Caracas, Venezuela ;6
Arkham Asylum;6
Duskwood;6
♛For the King♛;6
Muy lejos.;6
Triple L, Daily Life.;6
Stormreaver - US;6
Not an RP Account;6
Tatooine - Palacio de Jabba;6
Santiago de Chile;6
Interweb;6
Cataluña;6
the Fortress of Happiness;6
Facebook page: Kazplay;6
Ironforge;6
Kaer Morhen;6
Sharjah, United Arab Emirates;6
Gorgrond & Ashran;6
Moorreesburg;6
Costa Rica;6
Prague, Czech Republic;6
#Tichondrius EU;6
Republic of Croatia;6
Server: Moon Guard (US);6
Cloaked Bird-of-Prey;6
México, Puebla;6
Palhoça, Brasil;6
Goldshire;6
Japan (I wish);6
Istanbul, Turkey;6
Winland;6
Greece;6
Гордунни EU;6
Where I want!;6
Anywhere... ☺;6
Itaboraí, Rio de Janeiro - BR;6
Johannesburg, South Africa;6
Bladefist - US (Horde);6
Winterspring, Kalimdor;6
Medellín, Colombia;6
Doomhammer;6
Soyaux;6
In a galaxy far, far away...;6
Somewhere in Shadowmoon Valley;6
US Kil'jaeden;6
Villagarcia de Arosa;6
Ni idea;6
Beste Stadt der Welt;6
Bahrain;6
Strelsau, Ruritania;6
Anywhere games can be found;6
Bilgewater Harbour ;6
Gibraltar;6
Gilneas;5
South Korea ;5
Zürich, Switzerland;5
Ελλάς;5
world;5
The Tavern ;5
twitch.tv/kashiaka;5
Garrosh EU;5
Hollywood;5
Falkreath;5
Chopper#1789;5
Saint Petersburg;5
Nowhere;5
The conga line. ;5
texas;5
Hydraxis server US;5
Wherever the action is;5
Midtjylland, Danmark;5
België;5
creating Myself;5
Milano;5
Napier, New Zealand;5
st nazaire;5
EU - Shadowsong/Aszune/Bl Edge;5
limassol;5
Bloodhoof Village, Mulgore;5
Montevideo, Uruguay;5
Location: Sisters of Elune;5
Ciudad de México;5
merida yucatan;5
Minahonda;5
Hoelbrak;5
Niagara, Ontario;5
Magyarország;5
Queensland;5
Bruxelles;5
İzmir-Turkey;5
A stolen moment in time.......;5
la louviere;5
-Villajoyosa-;5
no man's land;5
Bayern;5
Кезан;5
RJ - Brasil;5
living on the Internet;5
İstanbul;5
Suva, Fiji;5
Braine-l'Alleud, Belgique;5
EU - Aszune;5
All up In Blizzard's face;5
Coruscant;5
Bs As, San Pedro;5
Ouro Preto;5
Youtube: BoomyNation;5
Leon;5
GM of Deep Sea Astronomy;5
Goldrinn-us ;5
Wien, Österreich;5
Mirkwood;5
everywhere;5
Malaysia;5
Cali, Colombia;5
Papa's ;5
Twitter;5
Budapest;5
Northen Europe;5
Over the hills and far away!;5
Dando vueltas por Durotar;5
Sedgley;5
United Arab Emirates;5
MewTuits;5
Hyjal;5
Lausanne, Suisse;5
The Great Southland;5
Around the World;5
Russian;5
Philadelphia;5
Bundaberg, Queensland;5
FlameFlash#1847;5
ATL;5
Iceland;5
The Point of Know Return;5
Online;5
Normandie;5
The interwebs;5
Акерус, летающая крепость;5
Moon Guard/Wyrmrest - US;5
Exactly where you'd expect.;5
Istanbul;5
Karachi;5
México, Distrito Federal;5
Santuario de las Dos Lunas;5
Xi'an China;5
Warspear, Ashran;5
Los Angeles ;5
Molde, Norge;5
azeroth;5
Elsewhere;5
Coasts of Westfall;5
Faivell #2180;5
denmark;5
In a valley with the trolls.;5
İstanbul/Kadıköy;5
Plus d'info ci-dessous  :) ;5
Echo Isles ;5
Astranaar;5
Asuncion, Paraguay;5
Anaheim, ca ;5
Dominican Republic;5
DC;5
Pays Basque;5
twitch.tv/rumancek;5
Lima, Perú;5
Aldrassil;5
WWW;5
Eindhoven, Nederland;5
istanbul;4
Milan;4
Genève, Suisse;4
Midwest;4
Eh?;4
Akwesasne;4
Tehran, Iran;4
Paducha ky;4
Punjab, Pakistan;4
"En una casa ;D";4
Disney World (I wish);4
Battletag: JesickaChaos#1717;4
Auckland/Las Vegas;4
sargeras;4
Blackmoore;4
Riyadh;4
Belgium ♥;4
Lunarfall ;4
.;4
Kwurky#1134;4
Murica;4
Availed US-Anvilmar;4
bnet heroism#1900;4
127.0.0.1;4
twitch.tv/itzwebby;4
México, D.F.;4
net based living;4
Venice, La;4
Karazhan;4
DigiWorld;4
Faihrfahx, Vurginiuh;4
San José, Costa Rica;4
Moonland;4
Manacor, Islas Baleares;4
S.S Merciless ;4
The World;4
derby;4
a frozen waste land, alaska;4
Ath, Belgique;4
West Coast, Fresh Coast. ;4
Idhún - Aincrad - Chernarus.;4
Exodar/Canarias;4
TheJorPorCor@gmail.com;4
Some Island In SEA;4
Distrito Federal, México;4
Garrosh-US;4
Michoacán de Ocampo, México;4
Irlanda;4
Minrathous, Thedas;4
Seattle Area;4
En el lugar equivocado;4
Proudmoore, Twisting Nether US;4
Lunarfall;4
Here;4
Hellfire;4
Nesingwary/Chromaggus;4
Buenos aires;4
Thailand;4
Everywhere I wanna Be!!;4
Temuco, Chile;4
Limbo;4
Ekaterinburg;4
walpole, nh, usa;4
ohio;4
With my head in the clouds.;4
Azalar@Zul'jin_EU Aza#2753;4
Mont de Marsan;4
Anywhere but here;4
Somewhere Out There;4
Zombieland;4
SixthGun in ViViD Sky I♥Japan;4
Latvia;4
Pereira;4
NRW - Crossvalley;4
canada;4
infinity land;4
The Cloud;4
Castellon de la Plana;4
51.846297,-0.534522;4
españa;4
TPMJ;4
Ventormenta  Casco Antiguo ;4
bogota;4
Rotthalmünster, Bayern;4
Guigino's Table 17 w/Groupon;4
Eorzea, Hydaelyn;4
mansfield, tx;4
Valdivia;4
14.090782,-87.15723;4
capricorn;4
venezuela;4
germany;4
Up my own ass;4
Destiny Island;4
México DF;4
Tirisfal Glades;4
Saône-et-Loire, Bourgogne;4
everywhere - Saudi Arabia;4
In the Meme Machine;4
Don't look at the page numbers;4
The Universe;4
где-то в Азероте;4
En la piscina;4
Northland Region, New Zealand;4
Reinos del Este;4
Suramar-Draka;4
Donde debo.;4
Dubai, United Arab Emirates;4
Somewhere in time and space...;4
Spandau, Welthauptstadt;4
Petrópolis, Brasil;4
Drenthe;4
groningen;4
Porto Alegre/RS;4
somewhere playing cod;4
Okinawa, Japan;4
Lancashire,  United Kingdom;4
강남;4
Cwmbran;4
Ice City, Antarctica;4
Sabaudia, Lazio;4
Kanagawa, Japan;4
Vila do Conde, Portugal;4
"Fortaleza Ceará brasil ;D";4
btag Vellvarion#2311;4
Trebujena;4
Moonglade, Kalimdor;4
twitch.tv/kamratpatrullen;4
CITY OF ANGELS - The Shire;4
Amersfoort, Utrecht;4
Pune;4
Greymane - US;4
Valparaíso, Chile;4
Silves, Portugal;4
hawley pa;4
Rohan/Highgarden/Starfall;4
ig: @tatyalesandria;4
moder svea;4
twitch.tv/h1tachin;4
Mongolia;4
Paraguay;4
Bolivia;4
The ninth circle of Hell.;4
Cincinnati;4
Graz;4
Bad Wolf Bay;4
¿Eh?;4
Quito, Ecuador;4
Mars - The Universe;4
Rapture;4
Альдебаран, но живу в Харькове;4
En mí País de las Maravillas;4
Wonderland;4
Turalyon;4
Blumenau, Brasil;4
iPhone: 43.023727,-88.039955;4
Telos;4
Enid, Ok;4
The Exodar;4
São bernardo - SP;4
No soy Hana ;4
usa;4
mexico;4
'Merica;4
Brawley;4
In a chair, probably;4
WoW;4
EU;4
El país de la pandereta ;4
Viêtnam;4
Tacna;4
Torino;4
UnderNet;4
Slovenia;4
Dallas, Tx;4
Lost In A Daydream;4
frequently travels for exports;4
State of Denial;4
mars;4
Spokane Valley,Wa;4
Battletag:  Unstyle#2296;4
#VSTGN;4
Hunter  Millenium  Ysondre;4
Santiago;4
Ardea;4
A flat and deserted wasteland.;4
Defia's Brotherhood, EU;4
Santos, Brasil;4
Los Angeles, Ca.;4
Rianxo;4
lancaster, pennsylvania ;4
Fussa, Tokyo;4
\(ò▽ó)/;4
Taiwan;4
San Diego;4
Entrañas - Reinos del Este;4
{ H + H } chanbaek.;4
DFW;4
Thrall;4
Bleeding Hollow (US);4
Curitiba;4
Entrañas;4
Gates of Hell;4
Lagoa Santa;4
Timbuktu;4
Pale Blue Dot;4
Groß- Wasserburg;4
Going Home;4
Talcahuano, Chile;3
где-то у моря;3
SLC, Ut;3
Trenzalore;3
A(zeroth)sturias;3
Sete Lagoas, Brasil;3
New Tinker Town;3
Milky Way Galaxy;3
Memphis;3
Vila Velha - ES;3
Mos Eisly Taco Truck;3
Whole Universe;3
Schmock Town ;3
Grand Line;3
Orgrimar, Durotar;3
Jyväskylä;3
Bastión de Ebano ;3
Puebla, México;3
The 703;3
San Diego, Ca;3
Winterfell ;3
sanguino ;3
Eorzea;3
holyzorea.com;3
Thrall EU;3
Tarren Mill | EU;3
Nigeria;3
Quito - Ecuador;3
Prison World Mardum;3
Kuala Lumpur, Malaysia;3
twitter.com/netskyde;3
القاهرة, مصر;3
Lambaré/Asunción;3
3.120045,101.676835;3
las palmas ;3
North of The Wall;3
C.R.E.A.M.;3
U.S;3
Levitown Toa Baja;3
Hessen;3
Space;3
stormwind keep;3
Jaedenar-US;3
Elune;3
Drammen, Norge;3
Свинодракония;3
From NI but living in scotland;3
Zul'jin;3
Brive ;3
Fiji;3
Минск;3
The digital world;3
Drunkopolis;3
Sometimes Africasweden;3
US- Thaurissan and Argent Dawn;3
Antonidas - Allianz;3
san diego, ca;3
Fief, Crête de Givrefeu;3
DU;3
Krautland;3
sweden;3
Berkhamsted, UK;3
Theys, Rhône-Alpes;3
City of Shitty Sports;3
Foggia\;3
Santoña, Cantabria;3
Republic of the Philippines;3
Meung sur les pyramides ;3
Malta;3
Czech Republic / Drak'thul EU;3
Metrocentre;3
Istanbul/Turkey;3
Cheshire, North West;3
Recife, Pernambuco;3
praise #maudadolp;3
Asgard;3
Vegas;3
Chicagoland Area;3
Sol system, third planet.;3
bndit@bndit.net;3
Δ Hidden Forbidden Holy Ground;3
Wrocław;3
Acherus;3
My own little world!;3
Milano || Firenze;3
Ittoqqortoormiit;3
Did you say Pancakes?;3
Idyllshire, Dravania;3
Northrend;3
Украина ;3
Medellin;3
Gaia;3
Découvre YouPass.com ↴;3
Broadstairs, Kent, UK;3
Rauma;3
Avalon;3
Bucaramanga, Colombia;3
Malmö;3
Community!! #Blatzarmee ❤️;3
Zwolle;3
The Queen City;3
Instagram&Facebook@DuglarGamer;3
San Antonio, Tx;3
Msc;3
de_dust2;3
No matter what. You got this. ;3
Orgimmar, kalimdor, azeroth ;3
The PNW;3
Prague;3
Temuco, Chile.;3
EU Ragnaros Horde;3
Bogotá;3
The Emerald Isle;3
Volcanco Lair, Spacific Ocean ;3
The OASIS / Year 2044;3
Skopje, Macedonia;3
Pakistan;3
Hialeah;3
North Sheilds;3
Porto, Portugal;3
Je vous attends à Clignancourt;3
Hosts @Epic_Insanity @KilroyKT;3
Orlando, Fl;3
Sárvár;3
Ukraine, Kyiv;3
João Pessoa PB;3
The Garden State ;3
Cathedral of Light, Room #1B;3
aus dem schönen Badnerland;3
Argent Dawn, Goldshire;3
✨;3
Jupiter;3
Vienna, Austria;3
Evreux ;3
San Salvador, El Salvador;3
New Wakanda ;3
Whitstable, kent;3
Roma;3
29-12-1433--14-11-2012;3
So Cal;3
Warsong Hold;3
Caxias do Sul - Brasil;3
Tichondrius.;3
north carolina;3
Exodar;3
AFK;3
Canadian Gamer, Entertainer.;3
Maracaibo, Venezuela;3
devant mon pc oO;3
In hell;3
northern germany;3
São Lourenço da Mata/PE;3
Somewhere on Earth ;3
Copenhagen/Stormrage-EU;3
WoW, Fallout, Metro, indy. ;3
São paulo SP;3
Seville (Spain);3
Manila, Philippines;3
Inside your PC.;3
Interwebs;3
Slovakia;3
Utrecht, The Netherlands;3
Worldwide Membership;3
Aracaju;3
Buenos Aires;3
earth;3
Guayaquil;3
Enigma;3
Hawally, Kuwait;3
Ferenginar;3
 en el abismo;3
Wouldn't you like to know?;3
Leben am Limit;3
Mount Doom;3
the Digital World;3
Mallorca, exBarcelonesa;3
The Salt Temple, Saltlands;3
Hillcrest, South Africa;3
Taipei City, Taiwan;3
Error 404: Not found.;3
Pirapetinga, Brasil;3
pagadian city;3
Ironforge, 116 Cogwrench Way;3
Vienna;3
Under the desk;3
l'escala (gerona);3
www.twitch.tv/reidxx;3
Kirin Tor - US;3
texas/arkansas;3
Las vegas ;3
World of Warcraf Los Errantes;3
Tenerife;3
Hogwarts (Schottland);3
the Interwebz;3
Ironforge Commons ;3
Xela ;3
Down Under;3
~ Where I want to Be ~;3
Tatooine ;3
Echo Isles;3
Lunarfall, Shadowmoon Valley;3
Eye of Terror;3
Middle Earth;3
charfasson,bhola,dhaka;3
Rijswijk;3
Curitiba-Pr;3
Rome;3
the hinterlands, azeroth;3
Mi casa;3
en africa?;3
athens;3
Bs As;3
Réunion;3
Planet Zebes;3
Durban, South Africa;3
LaGrange, Ga;3
Amsterdam, The Netherlands;3
madrid;3
Decapd 5, el planeta barrizal;3
U.S.;3
Summoner's Rift;3
Wherever we want to go we go. ;3
LV-426;3
I bleed maple syrup;3
Rogaland;3
92600;3
Hong Kong;3
Ramsgate Kent UK;3
The Internets, baby.;3
jacona de plancarte;3
Yalıkavak, Bodrum;3
Korriban ;3
Manaus, Brazil;3
Diyarbakır - İstanbul;3
Outer Haven;3
Guadeloupe;3
México ;3
Dunaújváros, Magyarország;3
Hertfordshire;3
Xander#22754 - Steam:xander10k;3
901 / u of m;3
Philadephia;3
Hearthstone Magyarország;3
Centro, México, DF;3
Minnesnowta;3
Chicago ;3
Republic of Slovenia;3
Mar del plata;3
corner of crazy and genius;3
Warsaw;3
Anywhere there's sinnin';3
Montréal canada;3
My Otaku fortress of Solitude.;3
the Interwebs;3
Булочка с маслом;3
Suisse (Lausanne);3
All over the world baby!;3
 a galaxy far, far away aka NZ;3
Sabah;3
Euskadi;3
Joensuu/Rovaniemi;3
Galicia.;3
Old Russia, Earth;3
Alsace;3
Instagram: mehdyhnd;3
Normandy SR-2;3
Călăraşi, România;3
Munich;3
manchester;3
¯\_(ツ)_/¯;3
Minrathos, Thaedas;3
completement a l'ouest;3
Stormshield;3
home;3
Kings Row;3
Palaven;3
flavortown;3
فلسطين;3
United Kindom;3
El Nexo;3
Bakersfield;3
Broken Shores;3
My own little world;3
Wernberg-Köblitz;3
Mioveni,Romania;3
ÜT: 53.771062,-0.416637;3
Raccoon City;3
Japan;3
Thayd, Nexus;3
New Tinkertown;3
Calpe;3
Catalunya;3
@Howling fjord;3
Thunderhorn - eu;3
Türkiye;3
Belgrade, Serbia;3
Chiche localise moi;3
Hydaelyn, Éorzéa;3
Gingeria, Land of the Gingers;3
Hungary, Budapest;3
Proudmoore (US);3
Black Temple;3
lasalle,il;3
Citadel, floating above Thedas;3
Kharanos, Dun Morogh;3
Ylöjärvi;3
In the shadows;3
El Salvador;3
Erebor;3
Malta,EU;3
La Plata;3
0x61C88647;3
cyberspace;3
Blackhand~EU;3
Wallis, Schweiz;3
Firelands;3
Fargo;3
Montucky;3
La Linea y Malaga;3
Toowoomba, Queensland;3
Westerwald;3
The Tardis;3
Cleethorpes ;3
Istria County, Croatia;3
Garrosh-world of warcraft;3
40°41′21″N 74°2′40″W;3
Seriabledom;3
Srilanka;3
LFT / ABQ / azeroth;3
Warsaw, Poland;3
Chiclana, Cadiz;2
Montréal, QC;2
colombia;2
Graz, Österreich;2
NGC 224;2
The Roof;2
Vejle, Danmark;2
méxico;2
The land of DICE;2
Louisville, Ky;2
Semen, East Java;2
Oświęcim, Polska;2
The Great PNW;2
La Paz;2
Qatar,AlRayyan ;2
Athlone;2
Dubai;2
Ogrimmar, Kalimdor;2
Candy Mountain;2
Europa;2
DΣFY;2
Nerdistan;2
Kil'Jaeden;2
Dead Man Tell No Tales;2
Brasília, Distrito Federal;2
Cunter, Svizra;2
Server on FFXIV: Cerberus;2
hogwarts⠀⠀⠀⠀ satan squad;2
The 'Ville || The Valley;2
Aldinga Beach, Adelaide;2
Лайтман-Гордунни RU;2
Partout dans l'game;2
Isère, Rhône-Alpes;2
Neverland/Brazil;2
Sunnydale;2
Brunei;2
Draka - US;2
The Waystone Inn;2
At my desk, wondering if androids dream of electric sheep;2
Parada na Garrison até legion;2
United Kingdom ;2
Twitch Chat;2
Pacific Northwest;2
Irgendwo im Nirgendwo;2
Satisfaction/Estuary;2
Under your desk ;2
Hobbiton (Cuaderna del Este);2
Salvador, Bahia;2
Debrecen;2
https://twitch.tv/di0__0ib/;2
Western Suburbs of Chicago;2
#podcast #LeagueOfLegends;2
Maipú, Chile;2
Kingdom of Quel'Thalas;2
tehran;2
souk;2
Dipl. Online-Psychologe;2
Zürich, Schweiz;2
A Very Cold Level of Hell;2
Minneapolis;2
Valkenswaard, NL;2
The Great Plains;2
Big fans Lea Makhoul in ksa ;2
✓YouTuber | ✓Streamer;2
Ici & Là ! ;2
Las cumbres;2
Silvermoon EU;2
Salvador/BA;2
Your Heart;2
I have no idea where I skidded;2
West Canadia land;2
Totenstadt;2
somewhere;2
Las Piñas;2
Wolves Port;2
jeddah,ksa ;2
In a cave;2
Timişoara, România;2
State of Anxiety;2
earf;2
Wien;2
Somewhere, over the rainbow.;2
Rip City;2
Cordoba;2
Луносвет;2
台湾;2
Südpol;2
Outer Space;2
Vaud, Suisse;2
Everywhere ;2
PC;2
Monaco;2
From mallorca with love;2
Алмата;2
facebook.com/goldenlassogirl;2
Mondlichtung;2
Antofagasta, Chile;2
Стлица РФ;2
Kent, UK;2
dalaran;2
a spider from mars;2
Halkeginia;2
Kingdom of Belgium;2
Algiers                       ;2
Russia, Bryansk;2
Oslo;2
Seoul;2
the midwest;2
Swiss;2
cloud city;2
Atlantis (Pegasus Galaxy);2
facebook.com/zisiongaming;2
The Prison of Yogg-Saron, Ulduar;2
Scafati, Campania;2
Cerak, Belgrade;2
Porto Alegre - RS;2
Wherever the road takes me;2
Monterrey, Mexico;2
La Paz, Bolivia;2
en alguna parte de este mundo;2
Townzos;2
► Play ∞;2
México City;2
BeaconHillsCentralCityMystic;2
Bambusgarten (Hessen) :3;2
Auschwitz, Polen;2
Chongqing, China;2
Oaxaca, México;2
Dammam;2
Malfurion - EU;2
iPhone: 42.844013,-70.923149;2
Montevideo Uruguay;2
Овчарня Дендрада;2
jeddah;2
Roma, Lacio;2
Northrend.;2
space;2
Việt Nam;2
Firenze, Italy;2
arg;2
Manaus, Brasil;2
Mumbai, India;2
world of warcraft;2
florida;2
west coast;2
Rotterdam, The Netherlands;2
General Discussion;2
Cadiz;2
Gayrettepe PTT PK:51 -Istanbul;2
Gilgamesh;2
Geuzenveld;2
AncientGreekPeirsePopperEco;2
Costa Rica!!;2
Holy See of Ishgard;2
Trinity Beach, Cairns;2
São José dos Campos;2
Moldova;2
Ironforge, Khaz Modan;2
The Interwebs;2
Out of this world!;2
Leviasea Coast, astral plane;2
The North;2
Fortaleza, Brasil;2
mi casa;2
Hillsbrad FootHills ;2
Belding, Mi;2
Halo;2
 Tihuatlán, Veracruz, México.;2
WorldWide;2
Fullerton;2
Whereabouts unknown ;2
Zuljin-Horde;2
Sri Lanka;2
Zagreb, Croatia ;2
Piteå, Sverige;2
Guarujá - SP;2
#loscruzados \UIC/;2
Juiz de Fora, Brasil;2
Zen Peak;2
Hundir la Flota;2
@_lostinHWD ;2
蓮華。;2
Mundo.;2
Tu Vieja;2
Rotterdam;2
@NanarDeces;2
Sant Joan Despí, Cataluña;2
Brno, Česká republika;2
The Senpapi Cave.;2
Cancun;2
Solhaven;2
Doha, Qatar;2
Tacoma;2
Vincy/India;2
412;2
Traun, Salzburg, Österreich;2
Tenerife ;2
ojo de nahual;2
zul-jin us horde;2
Σαλαμίνα, Ελλάς;2
Culiacán, Sinaloa;2
Everywhere and Nowhere;2
Idris;2
Purgatory;2
Briarwood, Queens;2
Badbitchica;2
montbéliard;2
Goiânia;2
Pluto;2
La Tierra media;2
Copenhagen;2
Northern Ireland, United Kingd;2
Lost in Ivalice;2
Nezzaland.;2
James Clarke;2
frontin like a mark ass nigga;2
The First Circle;2
Garnison;2
Doomonyoo_Nazgrel;2
SHJ /AD;2
It's High Noon Somewhere;2
Berkley,Va;2
Khaz Modan - EU;2
Sylvanas;2
everywhere/nowhere;2
Харьков, Украина;2
Hearthing back to the Wiki;2
Mordor city™ (cartapena);2
Wexford, Ireland;2
faze house la;2
hell;2
Defias Brotherhood EU;2
Bangladesh;2
the valley of silicon;2
En una esquinita, no molesto;2
Gdansk, Pomerania;2
Porto;2
TwitchTV;2
Zul'Gurub-Norte de Tuercespina;2
Mecklenburg-Vorpommern;2
Distrito Capital, Venezuela;2
Schlingeldornkap ;2
Norfolk ;2
In another realm!;2
afk;2
Ufa;2
Athingard, Coulthure. ;2
Davanti un pc;2
Raccoon City/ Italy / CH;2
Utrecht;2
WHERE AM I?!?;2
Ventobravo, Elwynn;2
Kel'Thuzad;2
Warszawa, Polska;2
Linz, Österreich;2
Tutorial Island;2
Undisclosed Location. ;2
Mooseville;2
Spit in the face of death;2
A server room;2
Darkspear;2
Tejas;2
Somewhere ;2
Outer Bands, Milky Way ;2
DF;2
Utha/Fajar/Fasar/Mastah;2
Stellenbosch, South Africa;2
под столом;2
Ettelbrück, Luxemburg;2
Buenos Aires/ Rosario;2
Central, Paraguay;2
Frostwall Garrison;2
Cántabro en el Ombligo Hispano;2
Al-Buraimi, Oman;2
Azralon;2
St. John's, NL;2
Grizzly Hills;2
Brill, Tirisfal Glades;2
Frostwall, Dreanor;2
Quelque part;2
mar del plata;2
Evernow;2
near d.c and baltimore;2
canton ohio;2
Magtheridon, WoW;2
Dans une dimension parallèle;2
Turku, Suomi;2
Bikini Bottom;2
Vidnoye_Leninsky District;2
Blizzard Romania;2
Destroying Blame Culture;2
barranquilla;2
Defias Brotherhood/Argent Dawn;2
H town tx;2
Belém-Pa;2
Blackscar;2
Fortaleza, Ceará;2
The Miz;2
Maceió - Alagoas;2
Chunking across a zone line.;2
سلطنة عمان;2
youtube.com/gametimenao;2
Mairena del Aljarafe;2
Doyce-MoonGuard;2
Traumwelt;2
Carcosa;2
Justo detrás de ti.;2
The Stars my Home;2
Left Coast Best Coast;2
Middle-earth;2
Tilburg;2
İzmir Ekonomi Üniversitesi;2
42;2
Not actually sure.;2
Santiago,Chile;2
Napoli;2
Warlock @ Edición limitada;2
Malmö/Copenhagen;2
oklahoma;2
Socorro, SP;2
Terra;2
Chorrillos, Lima, Peru;2
#yuritopia;2
Soredewa#2291 - Hyjal EU;2
Kaboomi#11560;2
Outland;2
United Arab emirates;2
Chicagoland;2
NA;2
San Juan;2
Maldives;2
Mossoró, Brasil;2
Slovenská republika;2
Citizen of the World;2
Thrall EU ;2
on ur screen;2
Toluca, México;2
https://www.youtube.com/user/m;2
Erde;2
I follow back;2
Salto ;2
Disneyland;2
Quel'talas;2
Spires of Arak;2
Russian Federation;2
Bengaluru, India;2
Spaghetti;2
Having the time of my life!;2
Kalamazoo;2
Uppsala;2
Not where you are;2
New jersey;2
Greater Seattle Area;2
Южно-Сахалинск;2
Long Island;2
Worldwide.;2
Kingdom of Duat;2
Head first in a whiskey bottle;2
Santa Cruz - Bolivia;2
Reedsport Oreogn;2
Ft. Worth;2
Ω ;2
Under Pepe;2
Latveria;2
Kortrijk, België;2
Lost In Wonderland;2
vermont;2
Caracas;2
Charente, Poitou-Charentes;2
King of the Clouds;2
Central Cali;2
Cambrils, Cataluña;2
Tizia#2771 (Entre Horda y Ali);2
Vale of Eternal Blossoms;2
Contagem, MG Brasil;2
Artesia (Botsuana);2
bruddaz gaming house;2
US-Zul'Jin, Former US-Manno ;2
Jaipur, Rajasthan;2
Huampaní, Lima, Perú;2
Yggdrasil ;2
La Laguna;2
الجزائر;2
City of Evil;2
belfast;2
En la casa de Géminis;2
Aincrad;2
The Deep Dark Beyond;2
#Igelbau;2
Gandia;2
Sur mon ordinateur;2
Hoenn;2
funcouver;2
Galicia, Spain;2
Face;2
instagram.com/thaalys_moor;2
South Jersey;2
Shangri-La;2
De mi cama hasta algún sitio;2
Praha;2
Valpovo, Croatia;2
Suramar;2
In Another Kingdom;2
Twitter, Oberbayern;2
Orlando;2
Рожден во льдах Нордскола...;2
Underground Bunker ;2
Södertälje, Sverige;2
Alfheim;2
Haarlem, Nederland;2
Gold Saucer VideoJuegos S.A;2
Fort Wayne;2
Bengaluru, Karnataka;2
eXeDes#1637 ☆ LoL: eXeDes;2
West Auckland;2
Right behind you!!;2
Barnacity;2
Macedonia;2
Newfoundland and Labrador, Can;2
Highway to hell ;2
virtual boobies;2
Between waking and sleeping;2
Novosibirsk;2
Curitiba-PR;2
il;2
32.014744,118.754529;2
The Endless Void;2
Timaru;2
long island;2
Lavras, MG;2
Bat Country;2
www.twitch.tv/wipawth;2
Panamá;2
Catando mojitos en Canarias;2
Башкирия;2
Somewhere between lies;2
california;2
Hitbox=Toukame;2
US - East;2
Youtube ;2
Congleton;2
The Pacific NW;2
Españistan;2
İstanbul/Çanakkale;2
Sur vos écrans...;2
Player's Bar - Meltdown Clf;2
The Netherlands ;2
Murfreesboro, Tn;2
Xalapa Ver.;2
Detroit, Mi;2
Gran Canaria;2
Con Undyne 7u7;2
Tokyo;2
iskender altay;2
NRW ;2
Ilvermorny ;2
Bay Area;2
Oulu;2
Warsong Gulch;2
Kargath (H) Winterhoof (A);2
Maracaibo ;2
#Pudcake;2
https://facebook.com/naushytcg;2
Iquique, Chile;2
wifi cannot be contained ;2
Hyrule Castle, Hyrule;2
The Rift;2
l i l l e;2
En tu corazon ;2
so/cal ;2
Kepler 186F;2
39.689381,-104.879712;2
joplin mo;2
Wyl' Wild West ;2
Warspear Outpost, Ashran ;2
Available Monday to Sunday;2
birmingham;2
Niterói - RJ;2
São Bernardo do Campo - SP;2
Any gaming world known to man;2
utah;2
A Illa de Arousa, Galicia;2
The Chaos Dimension;2
arreat.de;2
lower mainland ;2
Dar es Salaam, Tanzania;2
الجزائر _غليزان;2
Rivolta d'Adda, Lombardia;2
Bleeding Hollow ;2
Xaine's World;2
Online or On Air;2
Tel Aviv, Israel;2
Hyrule ;2
firsby lincolnshire;2
Facebook.com/killarslol;2
En Otra dimisión;2
Kennewick;2
The Milky Way;2
Thrall [H], ehem Antonidas [A];2
Terra incognita;2
La Cala de los Naufragios;2
Khadgar EU;2
WG;2
My Cave;2
#MurkyNeta.;2
Gaming!;2
bnet: sansasnark#2163;2
lakewood ohio;2
http://www.twitch.tv/amenitra;2
The Interwebz!;2
Donde hace calor en invierno;2
Hell, US;2
The Netherlands, Utrecht;2
Kankaanpää, Suomi;2
youtube.com/zerorunes;2
Weston Super Mare;2
Mi Habitacion;2
alderaan;2
Riyadh, Kingdom of Saudi Arabia;2
Odense, Syddanmark;2
All around the world;2
santo domingo;2
In the depths of memes;2
Costa Mesa, Ca;2
A variety of elsewheres.;2
wherever;2
Croatia;2
las palmas;2
La Comarca;2
Canadia ;2
Keyboard {me} chair;2
en algun lugar de Mexico;2
Anywhere and everywhere;2
Karachi, Pakistan;2
Poland, near Warsaw;2
Bogotacito Hermozo;2
Co GM of Millenium EU Ysondre;2
Some, any, every... where?;2
that place...over there;2
Hungary ;2
Your computer screen;2
Diagon Alley;2
Pozzo dell'Eternità - EU(it);2
Mondragón;2
53.148151,8.223874;2
3DS: 3282-6025-9932;2
Ревущий Фьорд-EU, СПб;2
| (• ◡•)| (❍ᴥ❍ʋ) World of Ooo;2
Wolica, Ursynów, Poland;2
Hunters are the best!;2
Winterfell;2
Nipawomsett;2
Donde habita el olvido;2
Maracay, Venezuela;2
On the way to the Broken Isles;2
Fiore, Earthland;2
melbourne;2
Paradero desconocido. ;2
Chicago-ish;2
Algun lugar del caribe;2
Timisoara;2
Durango MX;2
Somme;2
Jedi Covenant;2
Invernalia;2
Lisbon-Portugal;2
bahirrigaming@gmail.com;2
On a rock hurtling thru space;2
Stormscale EU;2
Don't know, don't need to know;2
Wherever I feel like being.;2
Pallet Town;2
she/her;2
Belgrade;2
1FI;2
somewhere down in texas.;2
Азерот, Гордунни, Одесса;2
Thrall - US --- Ravenor#1205;2
Brazil - Rio de Janeiro;2
cuartel de la montaña caracas;2
The throne;2
Sorocaba - sp;2
Neiva, Colombia;2
STV;2
Tardis;2
#Everywhere;2
En las sombras;2
Naranjo, Costa Rica;2
St Louis;2
Spokompton;2
the world;2
Bates Motel, White Pine Bay;2
Maceió;2
România;2
TS & gamescom;2
US-Moon Guard;2
My screen;2
city of angels;2
Char, Koprulu Sektor ;2
The Bay Area;2
Dans tes rêves;2
Kashyyyk;2
Basse-Normandie;2
Sofia, Bulgaria;2
Great Lakes Region, US;2
г.Севастополь;2
PSN - MalodorousIntent;2
Hämeenlinna, Suomi;2
Maaninka, Suomi;2
En mi casa;2
reunion;2
Shadowsong EU;2
EU Blackmoore;2
Lennik, België;2
Петропавловск-Камчатский;2
Niarja IV, Amarr Empire;2
Lisboa, Portugal;2
Dubai, but actually Sharjah;2
Skyhold;2
39.904126,-77.675323;2
Howarts;2
Yggdrassil;2
Leiria;2
Pittsbugh;1
Κομοτηνη;1
Team Instinct;1
Tournai, Belgique;1
warangal;1
Jeddah, Saudi Arabia;1
Ан'кираж;1
Eternia;1
harrison maine;1
Arleux;1
Mi cama o la suya;1
Mystic Falls ;1
Thrall U.S.;1
Ventormenta. Reinos del Este;1
ehmm ksh tau gk ya .. :/;1
every nation•foot of the cross;1
Normandy, Grand Line, Thedas;1
البحيرة, مصر;1
Republic of Korea;1
I'm a Jinx, So what!?!;1
I'm alive;1
Ruhrgebiet;1
Bekasi, Jawa Barat;1
NoWhere alabama;1
Castro-PR;1
van buren arkansas ;1
Middle-earth ;1
ˢᵐᵒᵏᵉ ʷᵉᵉᵈ ᵉᵛᵉʳʸᵈᵃʸ;1
Sarria de Ter;1
Venezia, Italy;1
planet earth;1
Dans ma tête.;1
Twitch + Youtube;1
Viña del Mar;1
emo;1
Royaume du Maroc;1
Tucson + Los Angeles;1
Lithuania;1
With Chloe Bennet.;1
Tampa;1
Among the Dreams ;1
, ;1
Santa Rosa, Ca;1
Lodz, Poland;1
Espoo, Suomi;1
Zoeterwoude Netherlands;1
YouTubeLandia;1
Wonderland.;1
Lavender Town;1
Fuenlabrada;1
from Phnom Penh to Aleppo;1
Rubi;1
Jyväskylä, Suomi;1
Some where on E-arth;1
cali, Colombia;1
New Tristram, Santuario;1
Cubo Rubik - Harveytown ;1
Украина Киев;1
Bouches-du-Rhône;1
les narval?;1
#бро броо брат;1
Behind you. ;1
hell duh;1
San Anto, TEXAS;1
Lausanne, Switzerland;1
Arad, România;1
who the fuck knows;1
Guanajuato, México;1
Aetherflow ;1
St. Helens, Merseyside, UK.;1
Santa Clarita, Ate;1
Shile;1
depp;1
Val d'Oise;1
NL, Canadia;1
YouTube- RaspyStatus;1
Roma, Lazio;1
concord, Ca;1
Barrow-in-Furness;1
51.011929,11.339581;1
[SoC]Son's of Cruyelty;1
Midgard;1
Ulaanbaatar in Mongolia;1
milly rockin at ya mamas block;1
San isidro ;1
Enzo putito refugiado;1
Rubelangeland / en tu cora ;1
Dårlig Ulv Stranden;1
cochabamba,Bolivia;1
Ciudad puerto de Cuyalí.;1
Ville des Lumières;1
Turin, Italy;1
Chernogorsk;1
El Arenal ( Mallorca );1
Diglett's cave ;1
Wrocław, Dolnośląskie;1
Aotearoa - NZ;1
North Korea;1
Global Citizen #DMV;1
Parys SA;1
Florianópolis, Santa Catarina;1
Веб-сайт;1
In a place that is not here ♚;1
Minsk Belarus;1
Anner Nordsee;1
Pelarco, Chile;1
Brazil • Rj;1
Pilar de la Horadada;1
Leiria ou Aveiro, Portugal;1
Dans le Néant;1
Bologna, Italy;1
Kepler-22b;1
Craiova;1
Kaatsheuvel, Netherlands;1
En tu cama;1
40.440696,-3.786926;1
Dans le ch'nord;1
Flashpoint;1
You know, somewhere.;1
antibes, france;1
Caracas, Distrito Capital;1
172.0.0.1;1
Campbell, N.Y;1
Phyrexia ;1
internet;1
The Hell that is OC;1
Venezuela/Chile;1
Azuremyst - US;1
Botswana;1
My home♖;1
NP2C 59;1
Aeropuerto de personas;1
www.twitch.tv/gymassass1n;1
32.712313,-117.169518;1
pdx;1
arkham;1
The Lonely Mountain™;1
Bogota;1
/tp Celopan;1
Jerez de los Caballeros;1
http://zuescho.de/;1
A galaxy far, far away...;1
on an internet spaceship;1
Sin City!;1
Čačak, Srbija;1
Alcala de Henares ;1
holtti, zares y martina.;1
de_cbble;1
Cali, colombia;1
Nor cal ;1
Brokenhearted;1
Greed Island;1
Венера;1
Cuatro tatamis y medio. ;1
The sewer;1
Legión;1
Kelp Dome;1
Au SGC ;1
 Reykjavík. Δαρδανέλλια.;1
Bento Gonçalves, RS;1
The Waffle Iron;1
Moda, Istanbul, Türkiye;1
Venezuela- Rubelangel;1
The Gaming Lair;1
spain;1
Planet Nexus;1
Maltepe Sahil;1
Barbera del Valles;1
 strandgraphs@gmail.com;1
Aerie Peak-US;1
DMV;1
Here, usually ;1
That New Planet!;1
The Internetz;1
PM;1
Area 52, US;1
936 km away from alba [3/4];1
Zamboanga City | Quezon City;1
buscando pokemon;1
Años Luz del Centro Galactico;1
Norfolk, UK;1
Espana;1
Indonesia - Jakarta;1
San Jose-Costa Rica;1
Ain - 01;1
Magical Priest Quarters;1
Concepcion , Chile.-;1
Araras;1
Catshill, Bromsgrove;1
malambroski@gmail.com;1
Ala-freaking-bama;1
Украина, Одесса;1
37.520338,-121.968202;1
Kolkata;1
Northland ,New Zealand.;1
Tras las brumas de la realidad;1
Your bed;1
Parking de Karazhan;1
sarthe/france ;1
Storybookland;1
Puerto Ordáz, Venezuela;1
Kokomo ;1
edream;1
Idiot Fanboy Land;1
allerorts;1
hannover;1
So-Cal;1
Where the wind is cold & angry;1
Evin Malmaison - NPDC;1
fourth lvl of hell ;1
Ibaiti - PR;1
nordrassil - EU;1
france ;1
Kaineng;1
439 District de l'Est;1
Bibelhaus;1
Valledupar, Colombia;1
Borneo;1
https://osu.ppy.sh/u/2254584;1
Ringkøbing-Skjern, Danmark;1
Triebes;1
The moon! ♈ charming town;1
Right here;1
somewhere in draenor;1
502 ↔️ 301;1
Trono De Maldad;1
Szczecin, Zachodniopomorskie;1
Bastion of the Legion;1
Tomorrowland.;1
Szczecin, Poland;1
Basse-Goulaine;1
real money encom referal ;1
Hoen;1
Saint Gallen, Switzerland;1
Atlasburg;1
Skeleton Hell;1
Cadiz City, Western Visayas;1
Kanto;1
Mi cama - Graná;1
I'm the 1.976 of my peaches ◡̈;1
Valdemoro;1
orlando, fl;1
paris or broken isles;1
Bangkok, Thaïlande;1
Lakeshire, Redridge Mountains;1
Chasing Pavements;1
Sol;1
The Sky;1
hatelord1111@gmail.com;1
Castelo Branco;1
Namur ;1
Dipolog City, Zamboanga Peninsula;1
Caelestrasz;1
Filthy Casual Land;1
Sunshine Coast, Queensland;1
Roma, Italia;1
Knutsford;1
Dunellen;1
Samoa // New Zealand;1
po mi kasa jajajajj xddd;1
Nexus of Sominus;1
Federal Capital Territory, Nig;1
snsd✧bts✧shinee✧gg & sm stan✧;1
Neverland.;1
Facebook;1
The Emerald City;1
Don't worry about it.;1
In The End;1
A world of my own;1
Азурегос / Страж смерти;1
US Skullcrusher;1
Joinville;1
where this louis and connor;1
1.9 Brazil;1
Spokane Wa;1
Nederland ;1
DTC;1
North-East Region, Singapore;1
Picardie;1
R'lyeh;1
Welt;1
gloucester;1
Kwashieman, Accra, GH;1
behind the bar;1
get rekt!!! ;1
Uranus;1
queenstown, new zealand;1
United Kingdom & Austria;1
#NoFunNeligahn;1
Belgique,Liége;1
I dunno ok???;1
zuhause :D;1
Venezia;1
Θεσσαλονίκη, Ελλάς;1
o'ahu, hi;1
Right over there!;1
Twitter ;1
Харьков/Kharkiv;1
Under the Sea;1
Seraing, Belgique;1
a.c.s.;1
Brownbackistan;1
Belém, Brasil;1
Better than you;1
Alcala de Henares;1
Pacific North West;1
Puente Alto, Santiago, Chile;1
neverland;1
Russia, Kursk;1
São José do Rio Claro, Mato Grosso;1
Ner'zhul;1
batavia,ny;1
Jarbacete;1
Chihuahua, México;1
Central Massivetwoshits;1
Académie des Explorateurs;1
92210 Saint Cloud;1
C-137;1
draenor;1
Nieuwegein - Cityplaza;1
Ronciglione;1
Ulthar;1
Up in the Sky;1
Antofagasta & Ovalle;1
Fuckville, Shitsconsin;1
Manlleu;1
the Netherlands;1
thaina;1
La línea de la concepción ;1
In my cave;1
Bleeding Hollow - US;1
Mexico DF;1
SoCal ;1
Funk Mountain, Thunderlord;1
Rio Cuarto, Cordoba. ;1
Zoetermeer, Nederland;1
Commonwealth, QC;1
Carmarthen, UK;1
Stanza 707 ;1
Russia Federation;1
Berne, Suisse;1
San Diego and Beyond! ;1
Viborg, Danmark;1
VE ;1
hp, music, seattle;1
The Big Apple;1
La ou le vent me porte !;1
my own personal Itaca;1
Ga;1
Would you kindly?;1
7-4-15 | 12-4-15 | 11-10-15 ;1
Sierra de yeguas;1
searchin for bhobbs;1
Wattpad ☞ BeaStyberlik;1
Matritensis;1
St Petersburg, Russia;1
Donosti.;1
Galaxia espacial número 13.;1
Youtube Sky;1
quelque part en bretagne;1
Extremadura;1
37.336826,-121.927791;1
Kenya. Nairobi;1
celje;1
space mountain;1
US - Blackwater Raiders;1
Con Illidan y en la cama;1
cadiz;1
Voiron;1
Saint Louis;1
Rivera, Uruguay;1
hell, tx;1
Vinewood;1
Tu Corazón;1
χαλεπος εστιν ό βιος ;1
Nova Scotia;1
Behind the gates of Ravenhead;1
Virtual Hero;1
Pereira, Colombia;1
Shanghai, China;1
Candyland;1
Loire, Rhône-Alpes;1
Black Temple Penthouse;1
Piura, Peru;1
india;1
Odense, Danmark;1
valko_krut;1
Cen Cal;1
Newcaslte, United Kingdom;1
Probably crying;1
Nordstrand, Oslo, Norge;1
santiago,chile;1
|-/;1
Gotland, Sverige;1
Bærum, Norge;1
In front of my phone;1
 Tri3itySe7en@gmail.com ;1
Hufflepuff Common Room;1
Blade's Edge;1
Україна;1
Starokošířská 9, Prague;1
Altamira, Mercedes, Bs.As.;1
Dada sebelah kirimu;1
limoges;1
Yoknapatawpha County - Ankara;1
Liettres;1
Up North;1
modena-pavullo;1
kalawakan;1
San vicente del Raspeig;1
Hawai'i;1
Valparaíso;1
"venny; marie; solerie - ∞";1
el pasxo, tex;1
*wonderwall*;1
Battle.net;1
trujillo;1
Silver Millenium;1
mexico nomas;1
Demonic Hordes: Moon Guard;1
Porto Alegre - Rs;1
Irland;1
Kidaworld;1
Santa Rosa, Ecuador;1
neverland,Wonderland;1
Under a pile of cheeseburgers;1
Dark Iron - US;1
Saint-Genès-de-Blaye;1
Yekaterinburg, Russia;1
Britney / Rihanna / Madonna;1
au pays des licorne;1
Alor Setar;1
Bogota ;1
Muscat, Oman;1
Townland, Placenstan;1
Vantaa, Suomi;1
Portscatho;1
cherepovets;1
EU-Terrordar;1
Земля;1
Tumbado en la ciudadela;1
fave acronym: kys;1
San Silvestre;1
Perdido en tu sonrisa(:;1
concepcion, chile;1
In sheep pen 7, herd 5087087;1
Twitch.tv/snortingbacon;1
Quel'thalas;1
Between Dimensions;1
Vänersborg, Sverige;1
Mystic Realm;1
Entre la pelera de @edicx94;1
Pretoria;1
✖️Snapchat: Danny_Enrique;1
World;1
Corte, Corse;1
Zagreb, Croatia;1
ravenholm;1
51 Pow Street, Workington;1
Londres;1
Ripoll;1
Douala-Cameroun;1
hometown;1
Rio de Janeiro - RJ;1
En tu corazón...;1
Mandalore;1
FR ✉️ videos.de.eray@gmail.com;1
world of warcraft hell;1
dmv;1
Transylvania (the real one);1
rotterdam;1
Dans ton cul.;1
Youtube: https://goo.gl/nxreTx;1
#UN1C0RNTR4C14S // #sectanime;1
Suramar, Broken Isles;1
Icecrown;1
AbuDhabi Uae;1
norway;1
Moms basement;1
ÜT: 43.590223,-79.788261;1
@beardandboston;1
Tirisfal Glades ;1
Масквабад;1
Tochigi, Japan;1
the city of Dis;1
In my studio.;1
would be by your side;1
brisbane australia;1
Nowhere et même ailleurs;1
Manaus, Amazonas - Brasil;1
Padova, Italia;1
Hyrule, probably ;1
Город Счастья!;1
fuk u;1
Cognac;1
La Couronne de Glace - Norfendre;1
Aragua, Venezuela;1
Голая Пристань;1
Barquisimeto, Venezuela;1
Sarıyer/İstanbul/Turkey ;1
The Appalachian Mountains;1
Venlo Oost, Netherlands;1
Lost in time and space;1
US Thrall, Horde;1
The Metaverse;1
In Between the 1's and 0's;1
Violet Point, The Hinterlands ;1
Planeta Oa ;1
Wherever the music takes me kitten.;1
Ky;1
Suisse - Lausanne;1
liege;1
belo horizonte;1
716 Sexy Steelers Fan✨;1
Bauladu;1
Russia, Omsk-city;1
iPhone: -32.039062,115.824249;1
columbus,indiana;1
stardew valley ;1
Aveyron;1
Faisalabad Pakistan;1
serw_1982@mail.ru;1
|| आर्यावर्त  ||;1
Belo Horizonte, MG, BRA;1
Spain, Europe, World, Whatever;1
Saint-Jacques-de-la-Lande;1
Brazil  - Rio de Janeiro;1
Nis, Serbia;1
wherever the screams are;1
 My bed;1
Mcminnville, Tn;1
Nijmegen, Nederland;1
It's bedtime, cupcake;1
Leigh, Lancashire, UK;1
Warszawa, Mazowieckie;1
Instagram: Jackicraft;1
Garona;1
NRW nähe köln;1
Inaba;1
Pollegio, Svizzera;1
Bay Area!!!;1
Sarajevo BiH;1
between venus and mars;1
All Platforms, Everywhere;1
http://www.twitch.tv/mernellie;1
Pyrénées-Atlantiques, Aquitain;1
saint etienne;1
Minna;1
Home of the Brave;1
Azaroth;1
Cikarang, West Java;1
Poland/Russia;1
Northumberland ;1
Bugey ;1
Venezuela ;1
Andy Biersack ;1
Kingdom hearts;1
U S of A;1
Cairo - Egypt;1
SF Valley;1
DeepWeb, Ibiza, Aix, Islamabad;1
Butterfull City;1
plutão na dimensão a esquerda;1
forgotten realms;1
left turn before albuquerque;1
Your network;1
On my way to the Broken Isles;1
Abreus, Cienfuegos, Cuba;1
Padstow NSW;1
All over the darn place;1
Algeria;1
P-Town;1
Isla de Burns.;1
bifrutas ;1
Bizkaia;1
Q8;1
Bolzano;1
Hogwarts - Torre de Ravenclaw ;1
Lier, Belgium;1
Galicia Spain ;1
In the sky;1
@ghxstlaxren acc alter.;1
US-Thrall (H);1
México.;1
Santo Tomé, Corrientes;1
the moon.;1
Sejolandia, cerca bar Sejo's;1
Anahime Convention Center;1
staghelm/azuremyst— alliance;1
Conchillas.;1
عسير, المملكة العربية السعودية;1
Östersund, Sverige;1
Betanzos;1
#SmilePlease;1
Area 52 -- Horde;1
 Pandémonium;1
Galatasaray;1
Nitroglycerin plane;1
En la vía digital ;1
Steamwheedle Cartel - US;1
Туймаада Хочото;1
Quito;1
FrostFire Ridge, Hyjal-US;1
Cancún;1
Nicht da wo du bist ;1
Stonehenge;1
The Interwebs!;1
Kirin Tor (EU);1
Vila Sézamo,Acre;1
Paraguay ;1
Louisianna;1
www.smitecentral.com/loot;1
San Sebastian;1
Kuala Lumpur;1
Playing with Blurryface ;1
天下の台所;1
Minsk;1
Am Apfelbaum hängen;1
Desenbarco del rey.;1
Pljevlja, Montenegro;1
In Your Pants!;1
Χαλκίδα, Ελλάς;1
Tacna - Perú;1
Etats-Unis;1
BlackMarsh,Tamriel;1
Castillo sobre el río Henares;1
Las Pleiades;1
Somewhere over the rainbow;1
Somewhere in a dream;1
K-Town;1
The interwebs! ;1
swindon;1
둘/여섯/열여섯.;1
Islamabad, Pakistan;1
Jumping around Garrison;1
Canarias,Tenerife,Frikilandia;1
brest;1
Claro de Luna;1
Rêve d'émeraude;1
minneapolis ;1
Venezuela barinas;1
south korea;1
Ponyville, Equestria;1
Caballito Capital Federal;1
Ivania alta, Swaggerton;1
Fatih - İstanbul;1
Saudi Arabia - Riyadh;1
Cluj Napoca, Romania;1
Ridderkerk;1
20833;1
└A;1
♥ En una mente caótica.;1
439 East District;1
███████████████] 99% 草食;1
Forgefer, Dun morogh;1
Goiáis;1
Eastern Kingdoms;1
Temuco - Chile;1
Limburg, The Netherlands;1
beacon hills;1
Zomergem;1
Last level of Hell;1
St-Medard-En-Jalles;1
The Broken Isles;1
Alcorcon;1
Juiz de Fora;1
ÜT: 43.570134,-79.623237;1
Calabria;1
minnesota;1
Geldrop, The Netherlands;1
buenos aires, villa maipú ;1
33.58343000,-117.6713260;1
Parts unknown;1
Auckland, New Zealand ;1
Eastern Region, Singapore;1
Inside the cube;1
Buscando flan en la heladera;1
Croydon;1
Bernal Oeste, Quilmes ;1
Ireland ;1
Mining the wild wild web...;1
Xbox: ChaoticPr13st / PSN: Sarok-;1
Your Funeral;1
Somewhere in the world.;1
myvioletwinter@gmail.com ;1
Mon corps dans l'espace;1
Between infinite wor(l)ds...;1
Oise ;1
coro;1
Baybdoll#1367;1
Essonne (91);1
en la nada;1
Seattle, wa;1
Flourish & Blotts;1
Fortaleza/CE;1
The Lake District;1
Ur anime basement;1
Antalya;1
Chillan, Chile;1
Costa Rica, América;1
telefono mi casa;1
Fuerteventura;1
Flores, Pernambuco;1
Jungkooks Heart;1
Commonwealth;1
boynton beach, fl;1
Fife;1
Hautes-Alpes, Provence-Alpes-C;1
Vila Velha-ES;1
Galakrond-EU;1
Saudi Arabia, Jeddah City;1
shj;1
The DMV;1
المملكة المغربية;1
Manizales, Colombia;1
Living on planet Earth, mostly;1
Sentado en mi trono;1
 worcester, ma;1
The Middle of Nowhere;1
Digiworld;1
Quilpué;1
Thiant;1
Baguio City;1
hell probably;1
worldwide;1
Saint-Laurent-sur-Othain;1
Il fait tout noir;1
Ustiniandia;1
선릉;1
Mumbai;1
Balmung;1
ワシントン州、アメリカ合衆国;1
Ravencrest, EU;1
Kong Studios;1
egypt;1
Exodar. On tb and azuremyst;1
Pavia, Lombardia;1
Zar West/Madrooine/Zaragotham;1
The Spiral;1
Bass Room / Main Stage;1
san fernando de henares ;1
La Maison Des Secrets;1
dublin;1
En Narnia;1
Souvent devant l'ordi ;1
Pune, Maharashtra, India;1
Edo. Mexico;1
Pronto❤️;1
Petrópolis, Rio de Janeiro;1
marketing@pandikey.com;1
here;1
Malaga;1
Los Angeles, Ca;1
Bolívar - Bs As;1
Konoha ;1
Marcq-en-Baroeul;1
Saarland;1
Shops in Sheff & Notts;1
Benaguasil, Planet Earth;1
The one hot tub in Icecrown;1
sand diego;1
The Frozen Throne, Icecrown;1
Mundo;1
Argent Dawn EU;1
the entire universe;1
iPhone: 44.559731,-123.272507;1
Hidden in the shadows.;1
Rauma, Suomi;1
Monthey, Suisse;1
Duiven;1
www.nautalis.es;1
Гнев Орды;1
Ondas binarias;1
619,Jabroni Street,Viperville.;1
molly | helsby |;1
Internet - US - UK - AU - Asia;1
le turfu ;1
Mostly my Garrison.;1
Cuauhtémoc, Distrito Federal;1
Messancy, Belgique;1
22.10.15||17.12.14||11.12.15;1
En Lunargenta;1
Midnight Train, Anywhere;1
Quinta Normal, Chile;1
Holbæk;1
21°10 S 55°30 E;1
Pandora, Ore Chasm.;1
twitch.tv/dunmire1234;1
Kursk;1
En un lugar donde pierdes todo;1
Dans mon nez.;1
Esperto di versetti.;1
20, Udine, Italy;1
In the state of Confusion;1
St. John's, Newfoundland and Labrador;1
check behind the pantry door!;1
Tilburg, the Netherlands;1
Estado de mexico ;1
Baelgun Sargeras;1
Mons, Belgique;1
Rijeka,Croatia;1
The Shire, Middle Earth;1
Somewhere, Nowhere;1
prob somewhere w/ sam;1
Istanbul, Türkei;1
colombia tolima ibague;1
On an ice rink somewhere.;1
Ayotzinapa de los Quemados ;1
Chiemsee, Bayern;1
Sandviken, Sverige;1
cagayan de oro city;1
Artigas, Uruguay;1
Oaxaca - Chiapas, México;1
I do not know. ;1
Dunkerque | Campus Vauban;1
Mestrino PD;1
Almere;1
EU Server - Outland;1
Coatzacoalcos, Veracruz ;1
the unrelenting tide;1
الرياض;1
Mabase;1
Hasselt, België;1
Santo Domingo, Ecuador;1
Sobre los márgenes. ;1
Taiwan, Taipei;1
Sasha Blouse;1
Market Place, Kendal, UK;1
nYc;1
ÜT: 24.458176,54.359107;1
Underworld;1
Sanfernando;1
En el último lugar del mundo;1
Reşiţa, Caraş-Severin;1
's-Hertogenbosch, Nederland;1
wo ich mich nicht zuhause fühl;1
Îles de l'Echo;1
Dutchland;1
Memphis, Tn;1
Within the world, baby.;1
Guatemala!;1
Adelaide SA;1
besit#2517;1
@Ashenvale;1
A galaxy far, far away;1
Karlstad, Sverige;1
Coronel, Chile;1
Crimson Peak / Nation du feu;1
Dylath-Leen;1
Silvermoon City,Eversong Woods;1
 essex;1
Amman;1
Hurlevent;1
P. Sherman 42 Wallaby Way;1
Cascavel, Paraná;1
gamergirlteeg@gmail.com;1
West of Ferelden...Probably.;1
Franca-SP;1
Slovak Republic;1
En un lugar de Levante;1
•●○--RNO--○●•;1
Frostwall, Frosfire Ridge;1
City of glittering lights.;1
Euskadi - Bcn ;1
durty c;1
Realm: Kirin Tor;1
weeaboo hell;1
Padova, Italy;1
Deep Underground;1
Sant Boi;1
Regarde sur mon GPS;1
The Sinnoh Region.;1
uio - ec;1
Alajuela, Costa Rica;1
Oulu, Suomi;1
المملكة الأردنية الهاشمية;1
No where;1
In your deepest nightmares;1
barcelona;1
L$R7;1
Universal Conciousnessland;1
PS4 id  Solla_HD;1
weebville usa;1
Drenden, US - Horde;1
Gipuzkoa, País Vasco;1
SoCal 818;1
Cramlington UK;1
Moon Guard, Wyrmrest Accord;1
fight me hanzo;1
Tharmada, Kingdom of Saudi Ara;1
Callao, Peru;1
#DrawIsLife;1
Berlare, België;1
web;1
Antiva City;1
兵庫県神戸市;1
iraq_baghdad;1
Frostwall;1
Wherever there's a signal.;1
Budapest, Hungary;1
73079;1
mis mariconchis;1
Hà Nội, Việt Nam;1
Donde ruede un Balón;1
Nagoya Mizuho, Aichi;1
Ukraine, Luhans'k/Kyiv;1
Somewhere in this cesspool;1
Garden of Eden ;1
Quezon City, Philippines;1
Ankara, Turkey;1
Inis Ceithlann, Ireland;1
Morioh;1
Crete, Greece;1
中华人民共和国;1
ASHRAN;1
País Llionés;1
香港;1
Hospitalet de Llobregat;1
GN-z11;1
Hermosillo, Sonora;1
Auf meinen Beinen.;1
Saint-Petersburg, Russia;1
Beacon Hills;1
geneva;1
Lima -  Peru;1
Malfurion-US;1
Florianópolis;1
Briançon, HLM les barry ;1
Hiding in the cloisters;1
Veracruz, Veracruz de Ignacio ;1
hither/yonder, there/back;1
adelante tuyo;1
#Tabasco;1
Hign Noon;1
a council house;1
Haomarush;1
Venice, Italy;1
Campinas, Brasil;1
Bois de la Pénombre;1
Ahn'qiraj ;1
Merry Hill Centre Upper Level;1
Pantelimon;1
College;1
Capua;1
Narnia ;1
PRP représente la street ;1
En tu mente ;1
Sous ton lit. ;1
toulon;1
Dragon Age, Hell;1
Fuck off;1
Rivellon;1
Tanaris, Kalimdor;1
ip route 0.0.0.0 0.0.0.0 null0;1
*pais de nunca jamas* ;1
Maalesef İstanbul;1
Stowmarket, UK;1
uath;1
narniaa;1
Lëtzebuerg;1
Jaen, Andalucía;1
Sociologia in da UCM.;1
Darkside of the Moon;1
www.supersorrell.com;1
Infinitamente enamorado. ;1
Nivelles, Belgique;1
Goldshire Inn;1
Gaben's House;1
Bogota, Colombia;1
Bari, Italy;1
US - Mal'Ganis;1
DunModr - Horda;1
Japon;1
Vienna / Austria;1
Broken Home;1
Whittier;1
Pax Prime;1
Athenry;1
Manta.;1
Hell, Earth;1
louisiana;1
Twitch!;1
Vape World;1
長野;1
At the corner of WTF and LOL;1
Salta Capital;1
san diego ;1
Madriz;1
Old Russia, The cosmodrome;1
www.youtube.com/DarkestroDark;1
Tampere, Suomi;1
Cheshire ;1
mid;1
EU, Burning Legion and Poland;1
Silvermoon, EU;1
Mersin - Denizli;1
Outside of Chicago;1
Esparreguera, Cataluña;1
Apollo XI;1
Prague, CZ & Worldwide;1
Porterville, Ca (sadly);1
Cataluña, Premia de mar;1
The Greatest Hunter Ever;1
Pallet Town - Kame House;1
home, bart, school, taco bell;1
+65;1
Monty❤️;1
ANTI;1
Dans le Nexus;1
Puebla;1
ÜT: 33.428557,-84.381991;1
ÜT: 39.775552,-86.166338;1
Ecuador-Guayaquil;1
Batjavi;1
                 ;1
waldo maine;1
madrid,a coruña;1
Horde, Borean Tundra;1
Gabens Graveyard;1
Kalimdor;1
Sant Feliu de Llobregat;1
encarnacion;1
Frostmourne, OCE;1
Donde se me necesite;1
West Los Angeles;1
Kokkola, Suomi;1
Romania , Bucharest;1
West Nipissing / Nipissing Oue;1
Bcn;1
amarillo, texas;1
Detroit Metro;1
Paddle faster.. I hear banjos;1
Sumbarch, Lexonia;1
Army & Inspirit;1
Mankhonda;1
Liège;1
 DKI Jakarta - Indonesia;1
coventry england;1
Summit,Ky ;1
Tauranga City, New Zealand;1
Earth 667;1
Alcobendas;1
Flying Above Silvermoon City;1
Je ne sais même pas moi même;1
Bloemfontein;1
Saint Remy de provence - 13;1
Sonora, México.;1
UK/Saudi Arabia;1
Colombia/españa;1
Sleaford Lincs;1
IUP;1
Vinkovci Croatia;1
Norddeutschland;1
Cagliari - Italia;1
St. Helens;1
Solitude, Skyrim;1
toronto;1
my pc ;1
Jamaica;1
The Greener Side;1
Venezolano;1
раися;1
Sargatanas Server;1
Chattanooga - ATL - Knoxville;1
The Virtual Universe;1
seventeen, shinee, got7;1
Korgath;1
55.818391,37.623478;1
Far, far away.;1
Venezuela shore papuh;1
Galway;1
Mars;1
Belgrade, Republic of Serbia;1
AIE, Earthen Ring US;1
Hlavní město Praha, Česká repu;1
en tu kora;1
In the wings of a fruit bat;1
My home;1
Outlands;1
Space.. the final frontier;1
My Darkness N' Weird World ;1
United Kingdom // (but) Danish;1
مدونة شبح الفلوجة المعلوماتية;1
Otter Space;1
Santa Catarina, Brasil;1
chicago;1
Hengelo, Nederland;1
Kappa;1
kos, greece;1
Honorary Canadian;1
Constanta, Romania;1
bogota- colombia;1
Moreda de Aller, Asturias;1
Ministry of Silly Walks;1
Mark, Sverige;1
Kalmar, Sverige;1
Trueshot Lodge, Highmountain;1
KL;1
the South;1
"DeathGuard, AmunKai; BlackScar";1
entre pixeles y fps;1
Coleraine, Northern Ireland;1
woanders;1
orgrimmar;1
Krakow;1
The Sha'tar (EU);1
Lorule;1
teh internets;1
DTC.;1
Côte d'azur;1
Мордор;1
Asequias Siti;1
Somewhere in the Nexus;1
khylentiger@gmail.com;1
Ecuador, Quito;1
North West UK;1
Probably Sleeping;1
Rio de Janeiro, Brazil;1
ÜT: 33.686917,-117.866477;1
In your Heart;1
In the Sith Temple with my bae @kylorensgirlfri.;1
Kortrijk;1
In The Storm;1
En casa de Rubius;1
En las sombras, detras de ti;1
DK;1
boston-ish;1
In my closet;1
Old Wood County ;1
Universo;1
Binz, Mecklenburg-Vorpommern;1
Iraq . Baghdad;1
Фёдоровка (Фёдоровский район, ;1
Ankh-Morpork;1
Mexicali, BC, Mexico;1
Lightbringer, US;1
On a mountain.;1
US-Aerie Peak ;1
Kepler-452b;1
london, UK;1
Honnleath;1
Geneva, Switzerland;1
Χαλάνδρι;1
Cork;1
Concrete Wa;1
Swarthmore Pa;1
Biella;1
San Cristóbal, Táchira;1
Chaville (92);1
Earth-616, Earth One ;1
Literally my basement;1
~*the internet*~;1
Between Jennings and Jones;1
Cluj-Napoca, Romania;1
Hall of Theurgy, Arcanum;1
Somewhere in Time;1
Korgath-US;1
Steyr;1
At a PC most likely;1
morocco, casablanca;1
Šiauliai, Lietuva;1
Fernando de la Mora;1
Himaláje;1
Жетысай;1
Mos Eisley, Tattooine;1
Tando Allahyar, Pakistan;1
Clovis Bray, Mars;1
Medina;1
Örebro;1
Thatta, Pakistan;1
няняня;1
On the internet ;1
Kil'jaeden;1
Anachronos EU;1
Midgar;1
Rivia;1
worldwide Skype:igxegame  ;1
Las Piñas City, Philippines;1
rage & love;1
Amalfi, Campania;1
se la chupaste a mi ex ;1
Sungai Petani ;1
under youre bed ;1
Bogotá Colombia;1
Milwaukee;1
vegan. pansexual. they/them.;1
es un secreto;1
Fuengirola, Malaga;1
"vzla;lina;nohe;mari;val,mariel";1
Desaparecido del mundo;1
Zürich;1
Shen'dralar;1
na borda do rancho espacial ;1
mi casa-guadalajara;1
Antarctica;1
İstanbul / Bursa;1
Zootropolis;1
Могила;1
metz;1
everywere;1
l a u r a;1
My Reality. (Las Vegas, tho);1
Punto Fijo - Falcon.;1
G1: 51.6828, -4.1149;1
goldrinn;1
Detras de ti, Buuu!!!;1
Open: 1:00AM-9:00AM UK ;1
philadelphia;1
Mustafar;1
Coimbra;1
Directv sport Futbol Total;1
Mass;1
Mid West Coast;1
Kiev;1
Iran;1
51.158521,6.939167;1
Anywhere;1
lagos;1
Kazakhstan;1
Vlissingen, the Netherlands;1
Ocean Avenue;1
Santiago, Chile ;1
Mons - Belgique;1
Entrañas, Tirisfal.;1
In The Sky;1
Santa Coloma;1
△⃒⃘;1
Londrina-PR;1
Köllefornia;1
City 17;1
Bakırköy, İstanbul;1
Kissing;1
Puigcerdà;1
Weiseadelphia;1
Auschwitz, Lesser Poland;1
Cowtown, Germanistan;1
Ямочки Гарри Стайлса ;1
Cairo, Egypt;1
Normandy ;1
Taquari;1
Belo Horizonte, Brazil;1
Whispering Meadows;1
Saudi arabia ;1
"Maringá, PR, Brasil
";1
Entre Vol'jin y Sylvanas. ;1
Rosbach v.d.H.;1
Firenze, Toscana;1
Leksand, Sverige;1
wichita;1
ॐ;1
Bahía Blanca;1
Waistdeepinthepoon, FE;1
Mu Cephei;1
Rybnik;1
Cybertron;1
Westmarch/Diablo III;1
Ludhiana;1
I draw weird fetish stuff.;1
Reach;1
dallas texas ;1
Loiret, Centre;1
Rostov-on-Don, Russia;1
Turin , Italy;1
Bahamas;1
En New Reno;1
Jundiaí, Brasil;1
btag - foxtrot#1270;1
Ilvermorny;1
Highgarden / Kattegat;1
Divinopolis-MG/Brasil;1
Newfoundland;1
Templo Oscuro(Terrallende);1
El Bastión de Ébano: Acherus;1
ssss;1
Nowhere important;1
En un lugar de Jaen;1
Aerie Peak US;1
United Kingdom of Illyria;1
Curicó, Chile;1
Lebanon;1
Yharnam;1
Medellin, Colombia;1
En un zulo programando cosas;1
Caché dans le Scenarium;1
On The Payload;1
Seattle 'plex via Bug City;1
Berkshire;1
Perdida en el trasero de Kevin;1
Bogotá - Colombia;1
Roma, via Ascanio Fenizzi, 29;1
En la casa de los espejos;1
Lost in between the Levels.;1
Kingdom of Saudi Arabia;1
Esp0ña;1
Zootopia;1
everywhere and nowhere ;1
North Cackalacky;1
mi trono;1
ironforge;1
iPhone: 40.797842,-73.669575;1
put-in-bay, ohio;1
Northwest Va;1
Aquí mismo, no hay pérdida v:;1
37.374035,-5.9646635;1
Évora, Portugal;1
lost in his mind ;1
BW;1
Varese, Lombardia ;1
Monterrey, Colombia;1
రాయలసీమ , పెనుకొండ .;1
Outside the Box;1
Auschwitz, Poland;1
Ici;1
50.752044,-1.846135;1
poneyland;1
Caraballeda, Venezuela;1
En tu wifi;1
lessthanthreepress.com;1
Nagoya;1
here and now;1
42.760965,-84.600612;1
São Leopoldo, Brasil;1
Global - hello@hobbynote.com;1
azeroth ;1
Daenor;1
Swamp;1
Nagrand EU;1
United states;1
cc1;1
Iquitos - Perú;1
universe;1
buenos aires;1
8.11;1
Snappin' @realmportal;1
La fértil provincia;1
Могилев;1
@MegaloKemi ♡ #AlwaysMaristas;1
Lost in the depths of my mind;1
Recife, Brasil;1
Гнев Орды, Чёрный Шрам;1
Tumblr tumblr tublr;1
World-wide;1
'murica;1
Planet Zerus;1
cumbria;1
Al Este del Edén.;1
नवी मुंबई, भारत;1
~Happy Holidays, You Bastards~;1
ℓσѕ αηgєℓєѕ, cα υѕα;1
My chair;1
Ole Miss '20;1
Kel'thuzad;1
Mamatid, Cabuyao, Laguna;1
Tailandia;1
Perdida en mi subconsciente;1
Badlands;1
52.228294,104.301812;1
snapchat - mickyb_273;1
São João do Rio do Peixe;1
Bourgogne ;1
Portuguese living in Ireland;1
Tierra, Año 2183;1
Pardubice, Česká republika;1
Azshara;1
merida;1
United Dank Nations;1
Båstad, Sverige;1
Åland;1
new york;1
Kolkata, India;1
viajando;1
Székesfehérvár, Hungary;1
in bed;1
Gdańsk, Poland;1
somewhere on Terra;1
Bei Dagi :333;1
Evita el Exceso ;1
Milchstraße;1
Iraq;1
idk ;1
Barbados;1
En paradero desconocido.;1
Youtube, Steam, Online;1
Ticino;1
US - Sargeras;1
Overall Founder of CrIsH;1
Reinchnafer,Londres;1
my nice old bed;1
US-Khaz Modan;1
47.964991,135.117431;1
Mi Mundo;1
Tucson, Az;1
Nijmegen (NL);1
Drifting somewhere in the vast;1
 Zul-jin  Horde-US-PvE.  ;1
this mortal coil;1
FXBG;1
Savoie, Rhône-Alpes;1
Cayman Islands;1
pamplona (Spain);1
Satdobato,Nepal;1
vk.com/boyarfeodot;1
la puta madre city ;1
Catania, Sicilia;1
De_Inferno;1
norwich insane asylum;1
Dementando la diversión.;1
Shuffle off to Buffalo;1
on the moon;1
Санкт Петербург;1
Citizen of the Planet;1
Stormscale;1
Milán, Lombardía;1
columbus, ohio;1
College of Winterhold;1
Vilassar de Mar, Catalunya;1
Hawick;1
San pedro;1
mangga dua square lt GF blok A;1
Altárea;1
Rashgarroth;1
in productive land;1
Antwerpen;1
ES - Brazil;1
北京, 中华人民共和国;1
Jax;1
♥ 02-03-15♥;1
Screbville;1
The Palace;1
Catarsis Digital.;1
Planet Motherfucker.;1
mexico df ;1
Mendoza;1
Αθήνα, Ελλάς;1
Yggdrasil;1
Lake of Tranquility Lane;1
Omsk, Russia;1
West Hollywood   ;1
Wow Circle;1
Oise, Picardie;1
norway. vestfold;1
nina + ian | beacon hills;1
Guam;1
Vaiano, Toscana;1
DTC louuul -.-;1
ferreiris pernambuco brasil;1
This Twitter is 18+;1
chitown burbia ;1
Cadaveric World, Earth ;1
The Great White North;1
H-Town;1
Nan-city;1
Venezuela.;1
Upper mid-west;1
Cranium Sanctum;1
Alemania;1
Tuscany, Italy;1
snapchat // ashleighciara ;1
Novo Londo;1
nvm.;1
Jumping between fantasy worlds;1
Viterbo, Lazio;1
With Headman;1
Vienna - Salzburg;1
Sky Palace;1
le cosmos;1
Kaposvár, Magyarország;1
Leganés;1
En los brazos de Rafael;1
Kashyyk:Aldea Wookie;1
Northumbria;1
Nordish by Nature;1
tucson;1
Cameroon;1
probably my garrison;1
ÜT: 3.574908,98.687916;1
Großostheim-Ringheim;1
[in your head];1
@Goldrinn;1
Masterton District;1
Loltown;1
Somewhere. ￣\_(ツ)_/￣;1
Espetoland;1
Tenerife, Españistán;1
Mouscron, Belgique;1
Portugal-Braga;1
Netherlight Temple;1
Californication;1
Là où je peux trouver passion;1
PlasticPlanet;1
Dagoba ;1
West Hollywood;1
Mundo De Criaturitas;1
41.768425,-74.155635;1
Vivimos en Cavernas;1
ppcc;1
En la pija de ruben;1
Lecce, Puglia;1
Hampshire, UK;1
The Eternal;1
Мегион, Ханты-Мансийский авт. Округ;1
Carmichael;1
.ca → tx → ca.;1
El pais de los humildesYO;1
Valley of Strength ;1
Орел, Россия;1
-WorldWide-;1
Saoz#21159;1
worldwide,florida;1
Messina;1
Ubicación? Desubicada, a veces;1
Zagreb;1
Underground;1
Lórien;1
メルボルン、オーストラリア;1
Constanta;1
nähe von meinem zuhause;1
moonguard;1
I like keychain lanyards  ;1
Espírito Santo, Brasil;1
Markt Schwaben;1
Hoth;1
Stark Tower;1
Naples;1
A man chooses, a slave obeys.;1
مصر;1
Сахалинская область, Россия;1
Enschede;1
The World Wide Web;1
Dallas - Fort Worth;1
Ontario ;1
La Casa De Rubius ❤️;1
Echo Base, Hoth;1
Por ahí;1
That place beside the fears…;1
en el país de la Vinotinto.;1
Miskatonic University;1
(Sad) North-East, Italy;1
~;1
Corte Madera;1
Barranquilla Colombia;1
La Vall d'Uxo;1
Sealand;1
Merica!;1
Poulton-le-Fylde, Lancs, UK;1
Betwixt Narnia and the Grimdark.;1
Quelque part dans l'univers;1
Siberia;1
de_cache, Siberia, Rusia;1
Guatire, Miranda;1
West Palm Beach;1
Not Home :(;1
Hyrule;1
KL, Malaysia;1
Vinci;1
Midgar, sector 7 / Galicia;1
AUS,QLD;1
Pirate Ship;1
Taming rare pets worldwide;1
Groningen, Nederland;1
Dromore, Northern Ireland;1
Westeros;1
ÜT: 34.152803,-118.336027;1
Barneo;1
Auckland, NZ;1
Accrington, Lancs;1
ÜT: 1.30077,103.83653;1
üllö;1
The throne of Bhaal.;1
En la Resistenci(A);1
Capsule Corp;1
www.twitch.tv/themanasource;1
San Jose;1
Pato Branco;1
Lisboa;1
Twin Cities;1
Tacuarembó, Uruguay;1
SweetLake City;1
Libya;1
Brazil, Salvador - Ba;1
Hermosillo Sonora;1
Horde;1
Lavender Town, Kanto;1
sarahannerichford@gmail.com;1
Minghao ✧ ;1
OWL;1
Eure;1
unimatrix01;1
Ahkrin Zul Zeymah;1
at a concert ;1
Planet Flumpothica;1
praia de Itaoca, Itapemirim-ES;1
Quelques part sur de_dust2 ;1
#NoFlyNoBuy;1
luleå, sverige;1
Shadowsong;1
Desde 2015;1
Multiverso;1
http://www.twitch.tv/Fliptriq;1
Sede de la Pargueloide Squad;1
Oslo, Norge;1
Astral Sea;1
Zuhause im Keller;1
La Comté;1
Saint-Petersbourg, Russia;1
stöckhölm;1
Amersfoort;1
Calle Yemen, N° 5. Yemen;1
Under a rock;1
Brno, Czech Republic;1
6ix;1
Somewhere in this universe;1
Waldshut;1
Davao City, Philippines;1
Where the Rednecks are...;1
colomiers;1
ask.fm/culturaencadena;1
Aden;1
loin de lui;1
Strand;1
CDMX;1
surrey B.C.;1
Barranquilla, Colombia;1
MUMBAI;1
Rocketites HQ;1
Bucharest, Bucureşti;1
Entre aquí y allá;1
Con Maggagg;1
Trinidad;1
International ;1
The Fortress of Nerditude;1
Owerri;1
Rivendel;1
montpellier & Lapwente ;1
panamá ;1
Bangalore;1
Aalborg, Danmark;1
trevor ;1
150k sur le youtube;1
Content Valley;1
Medellín, Antioquia;1
Youtube/Twitch: NerdsWannaBeMe;1
las vegas, nv;1
Chemical Plant, Act 1;1
pss;1
Puerto Montt, Chile;1
Nounous Land;1
A-Town;1
www.elrincondelraider.com;1
Venlo, Nederland;1
30.568262,104.193114;1
pwoir andsasdwr;1
En mi nube azul;1
Puebla, Pue.;1
Ashtabula;1
Me gusta el Bacon.;1
Topi, Pakistan;1
33147;1
dans les étoiles. ;1
!!pcd wont go away help!!;1
The Sha'tar EU;1
#Blackshore;1
Dans ton coeur;1
En la piscina ;1
Hungary, Előszállás;1
Rawalpindi, Pakistan;1
Runeterra;1
Deep Sea ;1
Udaipur, India;1
Littleton;1
Donde duermen los gnomos. ;1
wolverhampton;1
iPhone: 33.533867,-112.369667;1
Les Locheres ;1
Kefburgo;1
Azerot;1
↓Check out my Latest Video↓;1
ÜT: 40.411968,-105.129933;1
@tasteinluke;1
Fontana Beograd;1
Teneriflow;1
FREE ADS                ;1
Arlington, Tx;1
citizen of the world;1
Orne, Basse-Normandie;1
Delfinópolis, Brasil;1
Vault #83;1
Kyoto City, Kyoto;1
Tempe, Az;1
Cali! ;1
Galaxy 3: Always around.;1
Illidan Horde-US;1
Secret underground Lair;1
im Internetz;1
La grieta del invocador;1
On Mars with Curiosity;1
omnipresente;1
Sastamala, Suomi;1
Sam's Hot Car Lot;1
thai;1
Mi silla;1
oregon ohio ;1
победительпожизни;1
Pancevo, Serbia;1
You don't need to know.;1
51° 2' N , 6° 59' O;1
काठमाडाैं;1
Eorzea - Siren;1
Argent Dawn (US);1
Sisters of Elune/Zul'jin;1
Pacific NorthWest;1
Algun lugar en ninguna parte.;1
78, Andrésy;1
Nayarit, México;1
Раевский;1
South london;1
Orgri Banlieue Sud Ravencrest;1
Iceland !! FTW!!;1
Puerto Varas;1
half a heart without you;1
En las mejores tabernas;1
57;1
#BlackLivesMatter ;1
México, Monterrey;1
Überall aber doch nirgends;1
Just George;1
Гарнизон;1
Vitoria - Gasteiz;1
Belém - Pará;1
La garnache (85);1
San Jose, Ca;1
wut?;1
Summoner's Rift,  Spira.;1
Lycadia ;1
João Pessoa, Brasil;1
Error 404;1
matsmattershausen;1
here. in my head;1
Qo'noS, Klingon Homeworld;1
1.382222,103.935441;1
Russia ;1
vivo en rubiuslandia;1
Espinho;1
M-F videos at...;1
Gran, Norge;1
علىَ أرصفة الغِياب;1
Fossoyeuse;1
Mexico, distrito federal.;1
iPhone: 33.543179,-117.711121;1
Pinto;1
39.444984,-74.629810;1
Adelaide;1
En los madriles;1
Lost in Limbo;1
Kent;1
Jaio.Musika.Hil;1
Coruña/ Rapture ;1
The world.;1
Beveren;1
VOUS SUIT;1
Out there somewhere...;1
Norrköping, Sverige;1
Wyrmrest Accord US;1
Itaperuna, Brasil;1
Guernsey;1
인천;1
SMM ;1
Ventormeta;1
La Métropole ;1
iPhone: 39.602375,-79.967339;1
Everywhere and Nowhere BABY!;1
Munich, Bavaria;1
Arbúcies, Espanya;1
Midlothian;1
not school;1
South Korea;1
°.*neverland*.°;1
The Garden State;1
Glasshoughton, Castleford, ;1
Kezan;1
Lanus Este, Buenos Aires ;1
Ibagué, Colombia;1
at home;1
South Puget Sound;1
Argent Dawn US;1
Beograd, Srbija;1
Never leaving Gravity Falls. ;1
Mornington, VIC;1
67;1
Pleasure Palace, Azshara;1
Çankaya, Ankara;1
974;1
Monroeville;1
Jaen, Spain // Net Slum;1
Chicago/Copenhagen/Hong Kong;1
Eskısehır ;1
Darkness Kingdom;1
52.563185,-1.644113;1
Olteniţa, România;1
3o2;1
Halls of Valhalla;1
Bärlin;1
San Cristóbal-Táchira;1
8515 Upper East Side ;1
Liège-Belgique;1
Asaroth;1
az;1
In my Garrison;1
Cazando Hordas en Gasreiz.;1
Космос;1
 Afghan to Iraq;1
En un Mundo Feliz;1
Flooded Caves, Mom's Basement;1
Grand Haven;1
Nerja-Malaga;1
Colombia // W̸;1
The Tower;1
A dark room.;1
Frente al pc ;1
nampa;1
／人◕ ‿‿ ◕人＼;1
blizzEnthusiast ;1
Rio!!!!;1
Bucharest,Romania;1
Costa Mesa Ca;1
Arica, Chile;1
En Algun Lugar;1
#LadynoirCrew - Chile.;1
Secteur 2814 ;1
In deiner Timeline ;1
Riccione, Emilia Romagna;1
#Dtc Trolol;1
Bruselas, Bélgica;1
Milano, Italy;1
Schwechat, Österreich;1
russia;1
Belluno, Italy;1
Setia Budi, Indonesia;1
En el viento;1
Barcelone, Catalogne;1
Are you with us?;1
Dead;1
New Ninjago City;1
Kyiv, Ukraine;1
Concepción Chile;1
JEIV-E;1
peak of serenity;1
Anzoátegui, Venezuela;1
Grand Line - Nuevo Mundo;1
Cuiabá, Brasil;1
En medio de cualquier pogo.;1
Sao Jose do Rio Pardo;1
Sharjah - United Arab Emirates;1
Battipaglia (SA), Italy;1
Connected to the Matrix;1
mansfield;1
Proud citizen of the Grid;1
Kiev, Ukraine;1
Bananaroma TV HQ;1
Vendin le Vieil;1
snapchat:: jessiewolfexoxo ;1
En algun lugar borracho;1
venezuela ;1
In your brain lurking about ;1
Batalyaws;1
Iron Forge;1
Daytona Beach;1
Buffalo, Ny;1
Honesdale;1
Móstoles;1
上海, 中华人民共和国;1
en donde sea;1
Over here;1
Dubai ♥ ;1
Justin Bieber;1
Itapira SP;1
Planeta 8;1
Aquacave;1
The Midwest;1
 05h 35m 17.3s, −05° 23′ 28″;1
Graz , Austria;1
#GODOWNLIKETITANIC;1
Venezuela Mmgvo. ;1
Al Este de la Realidad;1
Perdido por Valhalla;1
Zul'jin, US;1
Nor Cal, 'Murica;1
Santos;1
unos y ceros;1
Bangkok, Thailand;1
nuevo twitter oficial de ;1
Your mom's bed;1
PS4/XB1/PC;1
Tichondrius - US Server.;1
тольятти;1
The Interwebz;1
Caucasia, Colombia;1
České Budějovice;1
En algun lugar de mi hogar ;1
Raahe, Suomi;1
winterfell;1
East Coast somewhere;1
Košice;1
My Beard;1
haacht (belgium);1
Lançon-Provence, Provence-Alpes-Côte d'Azur;1
Strathven, scotland;1
Yoshi Island;1
Summoner's Rift ;1
25.67465,-100.363674;1
iowa;1
I am everywhere. I am all.;1
Anor Londo;1
Zul'jin - US - Horde;1
Freetown, Sierra Leone;1
Namur, Belgique;1
Chignahuapan, Puebla;1
Shqipëria;1
Österåker, Sverige;1
Харьков;1
https://instagram.com/ubathb/;1
Mollet del Vallès, Cataluña;1
Červený Kostelec;1
"Yuracyacu; San Martin; Perú ";1
Bucknarm;1
Sinds 15 Augustus 2011;1
orange county;1
phitsanuloke;1
Medivh/Drenden;1
Scandinavia;1
CW Alcohol;1
Terre;1
In the heart of the kingdom;1
Kungsbacka, Sverige;1
EnElKoraDeMangelYRubius;1
Youtube/mi casa;1
Heaven, Spain;1
A Place;1
Næstved, Sjælland;1
Intentando Sobrevivir;1
الــريــاض;1
Arstotzka;1
Two steps from Hell;1
Bandar Shah Alam, Selangor;1
 Hainaut - Belgique;1
Thom 'F.' Badinger ;1
Midgard ;1
Pachuca de Soto, Hidalgo;1
Praha, Czech Republic;1
◦1143 Budapest,Francia út 40/b;1
Now accepting Finsubs/slaves;1
في غياهب السينما وبين دهاليزها;1
Monza;1
Tampa, Fl;1
Vengeful Horde.;1
Saguenay, Québec;1
Mordor ;1
de por ahi;1
Best of the 760;1
digital ether;1
U.S.A;1
nairobi/kenya;1
Kędzierzyn-Koźle;1
All up in yo grill;1
portland, england ;1
"Sanctuary; Pandora";1
Meereen;1
Uppsala, Sverige;1
Fougères;1
Saturn ;1
Aguascalientes, México;1
The Last Place You Look;1
Magny-les-Hameaux;1
www.lookingforroleplay.com;1
Constantinopla;1
Cedar Point;1
The Keystone State;1
Belo Horizonte;1
Roing, India;1
The town of Duwang;1
Kirkcaldy;1
Chile, Las Condes;1
BKK;1
Por Ahi xD ;1
Beacon Hills, Anteiku, Konoha;1
paris;1
Craft blog below;1
www.forocoches.com;1
austin, texas;1
Serbia, Novi Sad;1
Mersin, Türkiye;1
Brazil - RJ;1
Jakarta Capital Region;1
Area 52.;1
Bergamo - Italy;1
My kingdom in a jar;1
日本 東京都;1
Where ever Carmen Sandiego is;1
Beek;1
Niflheim;1
Townsville, Planet Earth;1
mandurah;1
lorraine / metz ;1
Almere, Netherlands;1
Central City;1
behind you kiddo;1
Gondowan;1
Mollem;1
-Worldwide-;1
Cali 21;1
Pittsburgh, Pa;1
Lost;1
So. Cal;1
Ishgard;1
Chippenham;1
Nerd Land;1
ur hearteu;1
Cheecago meng;1
Behind you with knife.;1
Wieselburg, Österreich;1
Westminster!;1
Luque - Paraguay;1
En el reino de los Dioses;1
Pécs, Magyarország;1
sopo;1
varberg, sweden;1
Mertzwiller;1
Famalicão, Portugal;1
Abundantly blessed.;1
CL ;1
Ankara;1
snap: kanstown;1
Moskow;1
Deathwing and Eredar;1
Sargeras-US-PVP;1
Thunderbluff, Mulgore;1
Korea;1
Россия, Санкт-петербург ;1
Cleveland;1
/id/commandertiger;1
Shiraz,Iran;1
Burbank;1
Edgware Road;1
old and bearded lady;1
Partout et Nulle Part Ailleurs;1
95480;1
SEA Server;1
anaheim, california;1
San Mateo Atenco, México;1
Berndorf, Österreich;1
Ballerup, Danmark;1
en el labio inferior de Rubén ;1
Калимдор;1
Florencia, Colombia;1
Spain ;1
arizona;1
In A Garbage Can..;1
Sahagún, Colombia;1
rod pa !;1
outofthemind;1
Ironforge, Eastern Kingdoms;1
En el mundo corrompido;1
ACM1PT;1
ÜT: 51.235555,-0.725112;1
221B Baker Street;1
En el jabón de un nazi;1
Yo panty drawer;1
Vila Menk, Osasco;1
granada;1
Emmen The Netherlands;1
Beach City;1
тверь ;1
doomhammer;1
x=0,y=0,z=0,t=-1,s=0;1
Salvador, Brasil;1
san antonio, tx;1
Praising the Sun ;1
Owning lucy's ass | México;1
gt;1
En el sotano ~Belgium;1
Socal;1
Belgique / Assez proche de Bxl;1
Figment Of Your Imagination;1
Pöttmes, Bayern;1
Somewhere in time;1
12/5/15 ❤️;1
Orbit;1
germany ;1
The Riv;1
فردا مجهول است امروز را درياب;1
The Murder Mitten;1
dans ta mere notament;1
Santo Domingo R.D;1
Ubicándome...;1
Skudai Johor;1
PRU;1
CLE/CBUS;1
Aquimismo.;1
Alene Too;1
Somewhere in a Cornfield;1
Takkatukka Land;1
#instagram@pabletelices300 ;1
Jambi, Indonesia;1
Santa Elena sin Hache;1
Tehran;1
None;1
freeminds.com;1
w/ emma watson;1
En un rincón de mi mundo;1
Lipsia;1
The Wasteland;1
Imaginary;1
"galloway, ohio
";1
Dewford Town;1
Trencin, Slovakia;1
Orthez;1
Siena / Firenze;1
617 | 154 ;1
Atlantic City;1
SF Bay Area;1
Rapture | Kalimdor;1
Same place as you.;1
Ijuí, Brasil;1
Magic and Spellcasting Bureau;1
Valdivia - Chile;1
Quillota, Chile;1
Right Here;1
Guangdong;1
Tout en haut de la pyramide...;1
En mi Mundo;1
полная и беспросветная ;1
The RDG.;1
htx;1
la pija de zayn;1
Entre Rios - Paranà ;1
КХЩЙНГШЗПРОЯЧСМИТЮИΓ. ;1
Capilla de la luz;1
Foz do Iguaçu, Brasil;1
Roeselare, Belgium;1
Armenia, Quindío;1
Bayt Jala, Palestine;1
Spokane;1
Islamic Republic of Iran;1
The Mitten;1
Mar Shulopolis;1
Netuno;1
On Twitch;1
kuala lumpur, malaysia;1
Turkey/India;1
N 5°35' 0'' / W 0°10' 0'';1
stoke-on-trent ;1
in the deep blue sea;1
Lave;1
Away from Sunlight;1
610;1
57.002286,24.107604;1
Die ganze Welt;1
chicago, il;1
Kitee;1
zurich;1
Lima;1
Jönköping, Sverige;1
Under your bed;1
In Front Of My Computer;1
Tigre;1
Birthplace of Cancer;1
Panceta Real;1
Technodrome;1
in ur base killin ur tw33tz;1
...;1
in my imagination;1
Under the bed;1
Left Coast;1
Tokyo, Japan;1
Olydri;1
Too sweet to be sour;1
Near Xhiel, Probably. ;1
Pune, India;1
In the blocks;1
 Area 52;1
la concha de tu vieja;1
Lebend und Lesend in Wien.;1
Xalapa, Veracruz, México;1
Ecuador / Azogues;1
rockwall;1
Alienigena Ancestral Lider;1
San Marvelous ;1
Haute-Savoie, Rhône-Alpes;1
My Own Personal Hell;1
Amsterdam, Netherlands;1
reus;1
middlesbrough ;1
Tokyo-to, Japan;1
Беларусь, Минск;1
Lordran;1
Lisburn City Centre, UK;1
Assiah;1
En la caca;1
San Cristóbal de La Laguna;1
sydney from america;1
Cheshire;1
L.A.;1
NorCal;1
Tempe // Az;1
Bailando sardanas con Satán;1
been outchea;1
My Throne;1
columbus, oh;1
Azshara, Kalimdor ;1
zerospace;1
Hampshire ;1
San José de la Rinconada;1
Одесса;1
Rubiáns - Coruña;1
West Coast;1
U.K. ;1
Bangkok;1
Gitterbett;1
Frýdek-Místek;1
Argent Dawn & Overwatch;1
Ukraine,Kiev;1
Internet!;1
Penisville;1
Kangaroo country;1
Allá donde va la vida;1
En stgo.cl... o pandaria ;1
guatemala;1
Somewhere, everywhere, nowhere;1
debajo de mi cama;1
london;1
echelonseriesannimespotterhead;1
https://ask.fm/Aeris64;1
Republic of Mauritius;1
Istanbul & Erzurum;1
0 km  ybwm  c  ♀ ;1
De camino a las Islas Abruptas;1
Jaedenar / The Underbog;1
Youtube;1
Hell A ;1
Behind You;1
Alola;1
europe;1
really not sure,South Africa;1
Wherever records are sold;1
Steam & Origin: Joysakurai;1
Puente Alto, Chile;1
Playas, Ecuador;1
Syracuse;1
Bellsmyre;1
islas canarias;1
Adana, Turkey;1
With The Avengers;1
32.26666,-110.960738;1
Drouin;1
Andalusia, Spain;1
Watch me live :;1
Santa Rosa, Canelones Uruguay;1
3rd planet from the sun.;1
De pasadita por este mundo;1
Erza's kitchen, eating tacos.;1
Santa Monica;1
Hamar, Norge;1
IsLaS CaNaRiAs;1
Veracruz;1
Hellfire Citadel ;1
Turmero, Venezuela;1
Final Destination;1
Groningen;1
Vegas ;1
Asuncion;1
Marbella ;1
Caracas/venezuela.;1
Davenport;1
My Moms Basement;1
忘我流水道;1
snapchat :- beckiemjj80;1
julian:1•✉️1•RT5•fav ;1
The Capital, Kuwait;1
Mec;1
Corse;1
Learn more about AIE WoW here:;1
Wherever Pepe wants to go;1
Siempre viernes;1
313 ;1
♦Esperando #CMFUruguay♦ ;1
At Home;1
Laniakea Supercluster;1
СНГ;1
séte;1
Mexico, Mexico City;1
Cologne, NRW;1
wonderland ;1
Sera / The Netherlands;1
Vvardenfell;1
GalacticSectorZZ9PluraZ Alpha;1
Exiliados en Ventormenta;1
Kolín;1
Nepal;1
İstanbul - Nişantaşı;1
frente a la pantalla. ;1
Golfe de Saint-Tropez, Var;1
Chez mon chat;1
Perú ;1
Estepona;1
Helms Klamm, Narnia;1
Adana, Türkiye;1
Ferriday,La;1
instagram.com/takpci_saati;1
Farming you, azeroth;1
✡✡✡✡✡✡✡✡✡✡✡✡✡✡;1
Roskilde, Sjælland;1
@TekkimUGM2011 Jogja;1
A Place With No Name;1
HHS;1
Stuck in Garrison;1
Donde haya Wi-Fi gratis;1
staunton;1
Homebase: Sauerland;1
Bastión de Acherus.;1
Planet Vegeta;1
Coyoacán;1
En dedans de moi même;1
Zuckerwatteland;1
Los Angeles & Minneapolis;1
Aldea Kokiri, Hyrule;1
Con Rubiuh;1
ur butt;1
Раевский (Альшеевский район);1
Brasil ;1
Outside, catching Pokemons !;1
Krypton;1
New Tristram, Sanctuary;1
The Rotgarde;1
best coast;1
Savigny-sur-Braye, Centre;1
Pending... B);1
Donde Mis Sueños me lleven ;1
Kildare;1
Gilneas, Bosque de argenteos.;1
القنفذة, المملكة العربية السعودية;1
Business: partnership@unge.de;1
Bhadra(Rajasthan);1
Penhasco do Trovão;1
YYZ ;1
Gamerland ;1
jordan;1
probably earth;1
NT AU;1
Prague, Czech republic;1
Northumberland;1
Galaxy;1
地獄 ;1
Saint-Petersubg, Russia;1
sofia,bulgaria;1
Paso de los Libres;1
Changagriel, Arcadia;1
Battletag: santineitor#1743;1
Quel'Thalas.;1
Zone 51;1
The Path;1
Dénia;1
Entre Hoelbrak y La Umbra.;1
en mi casa, donde más?;1
Chattaurnooga;1
 A different place entirely;1
 Donetsk;1
Galway, Ireland;1
Los santos / Hurlevent;1
Driver's Seat;1
In the 'verse;1
Johto.Pueblo Primavera;1
Loja;1
Âtreval, Malterres de l'Est;1
Tahiti;1
À ta porte, avec un scalpel.;1
Suramar/Draka;1
Ермекеево;1
Belgorod, Russia;1
Wyrmrest Accord, US;1
Beyond the Looking Glass.;1
jhvb;1
:D;1
ontario.;1
Bassin d'Arcachon;1
Knoxville;1
Larisa, Greece;1
the movie theatre;1
Gurgaon, India;1
Dallas Tx;1
Bourg-Palette;1
Campi Bisenzio (FI);1
inside your box;1
/home/france/jejy;1
Russian, Rostov-on-Don;1
Auf der Weide;1
Solt, Magyarország;1
Virreyes - Buenos Aires;1
mind ya;1
Prometheus;1
Puerto Ordaz - Venezuela;1
Du bon côté d'la vitre teintée;1
Donde quede alguna flor...;1
Andorra;1
V HVC;1
Sietch Tabr;1
EU-Aegwynn;1
Dartford, South East;1
U.S.A.;1
IT;1
Joensuu, Suomi;1
Sandefjord, Norge;1
My Room;1
A Rúa, Galicia.;1
The Midnight Channel;1
Outer Heaven;1
sigmaringen ;1
www.thewhiteking.film;1
mi casita;1
South africa;1
Ясеневый лес/Страж смерти;1
T;1
Silvermoon Cafe;1
ile de la reunion;1
That really cool place.. jk. ;1
Here! Not there, but here!;1
On The Road!;1
Tlaxcala, México;1
Czech republic;1
DM Your Questions/Suggestions;1
Oufti ;1
Dawnbringer US;1
EveryWhere;1
michigan - go blue;1
twd;1
Olhão, Portugal;1
Fareham, Hampshire;1
Rio de Janeiro - Brasil;1
Didam, Gelderland;1
Purtroppo a Milano;1
Lost City of Atlantis;1
Pagadme el wow porfa;1
Tatooine, Brasil;1
Al Sur del Sur;1
New Zealand, Upper Hutt;1
Santa Cruz Ca;1
En la Consola;1
belgique;1
Ventanilla, Peru;1
Storm Peaks ;1
Sandía ;1
Dans la ville lumière ⚜;1
SP;1
Cesano Maderno;1
Council Bluffs, Ia;1
Slytheringemeinschaftsraum;1
spiekeroog;1
Central Java, Indonesia;1
San Diego ;1
Wielkopolskie, Polska;1
My Computer...probably;1
Outer Heaven-Archipiélago Fox;1
UK ;1
watashiwaifu.moe;1
N 29� 33' 0'' / W 90� 40' 0'';1
Kenya;1
Golitsino;1
Under Your Bed;1
Beirut, Lebanon;1
Ware,Ma;1
’Murica! Fuck YEAH!;1
Grums, Sverige;1
torcuato ;1
Saint paul;1
"Watch me live at;";1
Wirral;1
New Tristram;1
H A W A I I;1
Minas Moria;1
detrás de ti;1
Somewhere in the UK;1
Акерус: Черный оплот.;1
bh;1
Wired ;1
Near the wine or the 'ritas;1
Arequipa Peru;1
Kemerovo, Russia;1
